year,month,day,atm(hPa),Rav(mm),Rmax_day(mm),Rmax_hr(mm),Rmax_10min(mm),Tav(вJ),Tav_max(вJ),Tav_min(вJ),T_max(вJ),T_min(вJ),Hav(вH),H_min(вH),sun (h),snow(cm),snow_max(cm),snow_depth(cm),cloud,snow_day,fog_day,thunder_day,Label
2008,1,1бу 5,1012.4,0,0,0,0,4.7,9.6,0.9,11.5,-0.6,63,36,25.7,0,0,0,6.2,2,0,0,0
2008,1,6бу10,1013.9,0,0,0,0,7,12.1,2.8,13.9,0.5,66,31,31,0,0,0,5.8,0,0,0,0
2008,1,11бу15,1016.5,23.5,18.5,6.5,3,5.5,9.2,2.2,12.4,-0.5,65,36,14.5,0,0,0,7.7,3,0,0,0
2008,1,16бу20,1021,5,4.5,1,0.5,3.4,7.8,1.1,10.7,-0.1,65,33,22,0,0,0,7.7,2,0,0,0
2008,1,21бу25,1014.5,11,10.5,2,0.5,3.9,6.9,1.3,7.5,-0.3,71,49,8.8,0,0,0,8.5,2,0,0,0
2008,1,26бу31,1013.6,7.5,5.5,1,0.5,3.6,6.8,1.4,8.8,-0.4,70,44,8,0,0,0,8.9,3,0,0,0
2008,2,1бу 5,1012.9,11.5,9.5,2,0.5,3.5,7.4,1,9.8,0.6,71,41,11.6,0,0,0,8,2,0,0,0
2008,2,6бу10,1013,13.5,13,3.5,1,3,7.4,0.3,10.6,-0.1,71,41,14.9,5,3,3,7.7,3,0,0,0
2008,2,11бу15,1011.7,8.5,6,1.5,0.5,3.3,7.8,-0.4,12.3,-1.9,65,32,24.4,4,4,4,7,4,0,0,0
2008,2,16бу20,1020,1.5,1,0.5,0.5,3.3,8.2,0.2,11.7,-0.7,64,30,23.2,1,1,1,6.7,3,0,0,0
2008,2,21бу25,1015,4,2.5,1,0.5,4.2,10.1,-0.5,14.3,-2.2,60,19,29.3,3,1,2,6.8,3,0,0,0
2008,2,26бу29,1008.4,22,19,6.5,1.5,4.2,8.7,0.6,12.2,-0.8,66,33,17.4,0,0,0,8.2,3,0,0,0
2008,3,1бу 5,1009.3,4,2.5,1.5,0.5,5.5,10.2,2.3,11.9,1,61,24,21,0,0,0,7.2,1,0,0,0
2008,3,6бу10,1016.4,10.5,9.5,2.5,1.5,7,13.2,1.6,16.5,-0.6,62,28,30.1,0,0,0,5.4,0,0,0,0
2008,3,11бу15,1015.3,30.5,30.5,7.5,3,11.6,17.6,6.4,19.9,3.6,62,22,30.9,0,0,0,3.8,0,0,0,0
2008,3,16бу20,1009.7,41.5,29.5,4.5,1.5,11.6,16.9,6.5,20.6,3.6,57,8,29.1,0,0,0,6.4,0,0,0,1
2008,3,21бу25,1008.7,17,16,8,2,12.7,19.2,7.2,21.6,5,56,17,35.1,0,0,0,5.9,0,0,0,0
2008,3,26бу31,1008.2,20,10,2.5,1,9.2,14.1,5.4,16.4,3.5,60,26,31.1,0,0,0,7.9,0,0,0,0
2008,4,1бу 5,1010,0.5,0.5,0.5,0.5,10.5,17.2,4.5,20.6,2.9,52,16,34.6,0,0,0,5.6,0,0,0,0
2008,4,6бу10,1005.3,76,34.5,8.5,2.5,13.6,17.8,9.5,21.7,6,64,17,17.1,0,0,0,7.1,0,0,0,0
2008,4,11бу15,1010.1,24,22,7,4,13.7,19,8.9,23.2,6.5,61,18,21.4,0,0,0,7.8,0,0,0,0
2008,4,16бу20,1008.5,60,48.5,7.5,2,15.2,18.8,12.4,21,11,67,41,11.6,0,0,0,8.4,0,0,1,0
2008,4,21бу25,1009.4,17.5,16.5,4.5,1.5,16.3,22.9,10.3,26,8.5,55,24,36.3,0,0,0,7.2,0,0,0,0
2008,4,26бу30,1010.2,0,0,0,0,17,23.9,10.7,28.4,6.6,50,22,46.2,0,0,0,4.1,0,0,0,0
2008,5,1бу 5,1004.5,1.5,1.5,0.5,0.5,20.5,26.5,14.6,30.7,12.6,56,24,24.9,0,0,0,7.3,0,0,0,0
2008,5,6бу10,1006.4,22,22,2.5,0.5,17.8,24.1,12.1,28.7,9.2,49,18,30,0,0,0,6.3,0,0,0,0
2008,5,11бу15,1009.7,40,19.5,7,4.5,15.6,21.7,10.2,24,7.6,59,20,29.2,0,0,0,6.9,0,0,1,0
2008,5,16бу20,1005.4,25,16,4.5,1,19.6,25.3,14.2,27.5,11.2,53,21,36.9,0,0,0,5.6,0,0,0,0
2008,5,21бу25,1006.2,74.5,49,29.5,8.5,20.8,26.6,15.5,29.9,11.4,60,18,33.4,0,0,0,8.1,0,0,0,0
2008,5,26бу31,1002.3,35.5,31,7.5,2,21,26.3,16.5,30.4,13.7,61,16,29.7,0,0,0,7.8,0,0,0,0
2008,6,1бу 5,1007.9,52.5,21.5,5.5,2,19.6,23.9,15.5,27.9,12.3,65,18,15.3,0,0,0,9.3,0,0,0,0
2008,6,6бу10,1005.5,27,15.5,8,4.5,21.8,27.4,16.4,29.9,14.8,65,28,24.9,0,0,0,7.8,0,0,1,0
2008,6,11бу15,1005.1,7.5,7,3,1,22.1,28,17.1,31.3,13.6,55,23,30.1,0,0,0,7.6,0,0,0,0
2008,6,16бу20,1008,47,34.5,9.5,5,23.5,28.1,19.5,31.3,17,65,31,17,0,0,0,9.6,0,0,0,0
2008,6,21бу25,997.3,13.5,7,3.5,1,23.3,27.3,20,28.9,18.1,71,47,8.3,0,0,0,9.3,0,0,0,0
2008,6,26бу30,1003.1,42,37,6,3.5,23.3,27,20.6,28.8,19.5,70,46,8.3,0,0,0,9.5,0,0,0,0
2008,7,1бу 5,1004.5,6.5,4.5,4.5,3,26.9,32.2,22.6,33.9,19,62,37,32.5,0,0,0,8.4,0,0,1,0
2008,7,6бу10,1004.9,4,3.5,3.5,1,27.4,31.8,24.2,33.6,22.7,65,47,18.3,0,0,0,9,0,0,0,0
2008,7,11бу15,1003.1,19.5,10,9.5,5.5,28.2,33.8,24.7,35,24.2,63,38,23,0,0,0,7.1,0,0,2,0
2008,7,16бу20,1002.4,3,3,2,1.5,29,34.7,24.4,37.4,23,62,32,29.4,0,0,0,6.8,0,0,0,0
2008,7,21бу25,1001.9,0,0,0,0,30.9,36.7,26.6,37.7,26.1,56,35,47.4,0,0,0,5.4,0,0,0,0
2008,7,26бу31,1006,65.5,63.5,26.5,13.5,28.5,34.8,24.3,37.5,22.8,64,34,39.9,0,0,0,6.4,0,0,3,0
2008,8,1бу 5,1003.6,0,0,0,0,30,35.3,26.1,36.3,24.5,61,39,33.2,0,0,0,7.9,0,0,0,0
2008,8,6бу10,1004.1,14.5,10,10,4,29.6,35.5,25.2,36.4,24.1,61,34,31.4,0,0,0,7.5,0,0,3,0
2008,8,11бу15,1002.4,1.5,1.5,1.5,1.5,30.4,36,26.3,37,25.5,58,28,40.8,0,0,0,5.9,0,0,0,0
2008,8,16бу20,1000,2.5,2.5,2.5,1.5,28.3,33.9,24.3,34.8,22.2,60,33,27.6,0,0,0,7.3,0,0,2,0
2008,8,21бу25,1002.9,43.5,34.5,12.5,4.5,24.3,29.2,21,31.1,18.7,67,33,19.3,0,0,0,8.5,0,0,1,0
2008,8,26бу31,1004.1,25.5,13,5,2.5,25.9,29.5,23.2,33.3,21.6,72,41,9.6,0,0,0,9.4,0,0,1,0
2008,9,1бу 5,1002.5,2,1.5,1.5,1,27.1,32,24.3,33.7,22.5,68,46,14.5,0,0,0,9,0,0,0,0
2008,9,6бу10,1009.7,0.5,0.5,0.5,0.5,26.1,31.6,21.4,32.5,18.9,60,29,40.5,0,0,0,4,0,0,0,0
2008,9,11бу15,1007.6,3,1.5,1,0.5,25.5,30.9,21.1,33.5,19.8,59,31,29.3,0,0,0,7.3,0,0,0,0
2008,9,16бу20,1005.9,15,9.5,6,2,25,29.1,21.5,31.2,19.5,69,43,19.1,0,0,0,7.7,0,0,0,0
2008,9,21бу25,1005.5,118,118,42.5,13,22.6,27.3,17.9,30.4,16.4,63,29,25.5,0,0,0,6.8,0,0,1,0
2008,9,26бу30,1010.3,68.5,31,23.5,9,18,20.9,15,24.7,14.1,72,29,6.6,0,0,0,9.6,0,0,1,0
2008,10,1бу 5,1009,35.5,35,11.5,3,19.7,25.1,15.4,27.5,13,67,35,31.7,0,0,0,5.7,0,0,0,0
2008,10,6бу10,1011.7,15.5,15,8,2.5,21.1,26.3,17,28.5,15.9,68,37,26.2,0,0,0,6.9,0,0,0,0
2008,10,11бу15,1013,26,18.5,4.5,1.5,17.9,22.8,14.1,25.2,12.2,66,30,29.6,0,0,0,6.3,0,0,0,0
2008,10,16бу20,1016.8,0,0,0,0,19.4,26,14.2,26.5,12,60,22,43,0,0,0,2.7,0,0,0,0
2008,10,21бу25,1013.8,41,16,8.5,2.5,19,23.3,15.6,25.5,13.3,70,34,13.4,0,0,0,8.4,0,0,0,0
2008,10,26бу31,1010.7,5,5,2,0.5,14.7,19.1,11.1,22.2,9,65,32,21.9,0,0,0,7.2,0,0,0,0
2008,11,1бу 5,1012.1,0,0,0,0,15.2,20.9,10.8,21.3,8.5,60,29,28.7,0,0,0,7.3,0,0,0,0
2008,11,6бу10,1013.2,19.5,15,6,2,13.9,17.6,11,22,7.2,66,45,6.4,0,0,0,9.9,0,0,0,0
2008,11,11бу15,1016,0,0,0,0,13.9,19.5,9.1,21.6,6.7,66,35,31.6,0,0,0,4.3,0,0,0,0
2008,11,16бу20,1010.8,9.5,9.5,2.5,1,10,14.8,6.1,19,0.9,61,25,25.7,0,0,0,5.8,0,0,0,0
2008,11,21бу25,1016.4,21.5,19.5,5,2,8.7,13.9,4.9,16.8,1.8,69,40,20.1,0,0,0,6.7,0,0,0,0
2008,11,26бу30,1012.3,16,9.5,5,1.5,9.9,14.6,6.4,16.5,5.5,68,39,19.8,0,0,0,7.1,0,0,0,0
2008,12,1бу 5,1015.9,21.5,21.5,7.5,2,9.8,15.6,4.6,18.4,3.5,68,40,35.4,0,0,0,3.5,0,0,1,0
2008,12,6бу10,1019.1,2,2,1.5,0.5,6.7,11.9,2.1,17.4,-1.8,61,28,29.4,0,0,0,4.6,0,0,0,0
2008,12,11бу15,1012.3,1.5,1,0.5,0.5,8.8,14.5,3.9,16,1.3,64,34,29,0,0,0,4.3,0,0,0,0
2008,12,16бу20,1016,1.5,1.5,1.5,0.5,8.4,13.8,4.1,14.9,1.6,66,34,26.7,0,0,0,4.3,0,0,0,0
2008,12,21бу25,1013.3,20,16,7.5,2,7.4,11.7,3,15.1,0.6,68,39,12.7,0,0,0,7.2,0,0,1,0
2008,12,26бу31,1012.5,4,4,1,0.5,5.2,9.6,2,13.6,0.8,65,33,33.8,0,0,0,5.1,4,0,0,0
2009,1,1бу 5,1013.6,0.5,0.5,0.5,0.5,5,8.9,2.6,10.9,1.9,70,46,12.7,0,0,0,7.9,2,0,0,0
2009,1,6бу10,1013.8,14,8,3,1.5,5.5,9.5,2.5,12,0.3,65,34,19.3,0,0,0,7.7,1,0,0,0
2009,1,11бу15,1014.5,3,1.5,1.5,0.5,2.6,6.9,-0.2,8.2,-1.3,63,30,27.8,2,2,2,5.7,5,0,0,0
2009,1,16бу20,1017.8,7.5,7,2.5,1,5.1,10.1,1.2,11.8,-1.9,65,30,21.3,0,0,0,6,0,0,0,0
2009,1,21бу25,1011.7,16.5,8.5,2,0.5,4.9,8.6,1.5,12.5,-0.9,65,27,20.2,0,0,0,7,2,0,0,0
2009,1,26бу31,1015.4,48,30,11,2.5,7.7,12.7,2.5,16,-1,63,27,23.4,0,0,0,6.5,1,0,0,0
2009,2,1бу 5,1016.7,4.5,3.5,1,0.5,5.6,10.1,2,13.5,0.4,64,31,24,0,0,0,6.7,0,0,0,0
2009,2,6бу10,1012.9,6,5.5,3,1,5.7,10.7,1.2,11.4,-0.4,57,18,27.1,0,0,0,5.5,0,0,0,0
2009,2,11бу15,1006.8,32.5,17,5.5,3,9.7,15.6,4.1,18.3,1.4,68,25,22.8,0,0,0,7.5,0,0,0,0
2009,2,16бу20,1013.2,26,21.5,5.5,1.5,4.7,8.4,1.3,10.7,-0.3,62,32,13.9,0,0,0,7.2,3,0,0,0
2009,2,21бу25,1011.1,54.5,24.5,11,3,7.3,10.7,3.7,13,-0.2,71,38,6.5,0,0,0,8.1,1,0,0,0
2009,2,26бу28,1014.9,4.5,4.5,1.5,0.5,7.9,12.1,4.2,14.7,2.7,60,30,16,0,0,0,8.3,0,0,0,0
2009,3,1бу 5,1016,5.5,5.5,1.5,0.5,6.7,11.1,3.2,15.9,1.7,59,22,22,0,0,0,7.6,1,0,0,0
2009,3,6бу10,1011.2,24.5,24.5,7,2,9.7,14.1,5.8,15.5,4.1,58,25,15.9,0,0,0,8.6,0,0,0,0
2009,3,11бу15,1013.8,59.5,40,7.5,1.5,6.8,11.9,2.3,12.6,0.4,61,20,20,0,0,0,7,0,0,0,1
2009,3,16бу20,1010.9,4.5,4.5,4,3,13.1,20.2,6.4,23.9,2,56,20,33.9,0,0,0,3.9,0,0,0,0
2009,3,21бу25,1007.2,19,19,10.5,3.5,9.6,15.3,4.7,19,2.1,58,15,24.6,0,0,0,7.3,0,0,1,0
2009,3,26бу31,1015,0,0,0,0,7.3,12.9,2.8,16.3,1.2,52,27,36.7,0,0,0,5.8,0,0,0,0
2009,4,1бу 5,1012.5,15,8.5,3.5,1,9.6,15.2,5.3,18.6,2.5,59,20,28,0,0,0,7.8,1,0,0,0
2009,4,6бу10,1013.4,0,0,0,0,15.3,23.3,7.3,25.9,4.4,36,10,56.7,0,0,0,1.6,0,0,0,0
2009,4,11бу15,1005,15.5,15.5,3.5,1,17.7,23.4,12.5,27.6,9.7,55,15,34.6,0,0,0,6.7,0,0,0,0
2009,4,16бу20,1008.3,0.5,0.5,0.5,0.5,16.8,23,11.3,29,7.2,54,19,29.5,0,0,0,6.9,0,0,0,0
2009,4,21бу25,1004.9,54,47,6.5,1.5,15.6,19.8,11.7,22,6.9,61,22,25.1,0,0,0,8.3,0,0,0,0
2009,4,26бу30,1009.7,2.5,2.5,1,0.5,12.6,19.1,6.7,24,5.4,53,20,32,0,0,0,3.9,0,0,0,0
2009,5,1бу 5,1014.8,1.5,1.5,1,0.5,18.1,23.4,13.1,25.3,10.3,53,25,26.7,0,0,0,8.5,0,0,0,0
2009,5,6бу10,1004.9,50.5,47,13,3,18,23.3,13.2,29.6,10.5,67,24,23.8,0,0,0,7.2,0,0,0,0
2009,5,11бу15,1007,6.5,5,2.5,1,19.2,26.4,11.9,30.8,8.5,49,15,53.2,0,0,0,7.1,0,0,0,0
2009,5,16бу20,1006.6,15,9.5,3,1,19.4,24.6,14.6,31,13.1,60,20,25.2,0,0,0,8.1,0,0,0,0
2009,5,21бу25,1005.2,8,8,5,3,20.1,24.4,16.4,26.5,14.5,61,40,15.1,0,0,0,8.9,0,0,0,0
2009,5,26бу31,1002.7,25.5,18.5,18,7,21,26.2,16.4,28.5,12.3,59,29,28.8,0,0,0,8.5,0,0,1,0
2009,6,1бу 5,1000.5,8,8,2.5,1,21.2,25.8,17.1,29.7,14.7,52,19,23.7,0,0,0,8.4,0,0,0,0
2009,6,6бу10,1003.5,12,12,2.5,1,21.1,25.7,18,27.8,16.5,66,43,13.8,0,0,0,9.3,0,0,0,0
2009,6,11бу15,999.3,9,9,4,1.5,22.7,29,17.2,30.4,15.2,58,28,33.4,0,0,0,7.2,0,0,0,0
2009,6,16бу20,1007.3,6,6,6,4,24.1,30.3,19.2,32.9,17.7,58,27,37,0,0,0,7.6,0,0,2,0
2009,6,21бу25,998.2,50,22.5,8.5,3,26.1,31.4,22.1,33.3,21.1,65,26,21.4,0,0,0,9.3,0,0,1,0
2009,6,26бу30,1003.2,49,27,8.5,3.5,25.9,31,21.4,32.8,20,63,28,25.3,0,0,0,7.7,0,0,0,0
2009,7,1бу 5,1001.6,14,10.5,8,5.5,24.4,29.7,20.5,32.3,18.7,68,45,13.7,0,0,0,9.1,0,0,1,0
2009,7,6бу10,1004.7,15.5,6,3,2,26.8,30.1,24.4,32,22.1,71,51,7.2,0,0,0,9.8,0,0,1,0
2009,7,11бу15,1006.1,0,0,0,0,28.5,33.6,24.5,35.3,22.9,60,33,29.7,0,0,0,9.1,0,0,1,0
2009,7,16бу20,1003.3,87.5,79.5,39,12,27.1,31.5,23.7,33.7,22.2,70,45,6.4,0,0,0,9.3,0,0,2,0
2009,7,21бу25,998.2,150.5,56.5,26,10,26.5,30.8,23.7,32.9,22.6,73,37,12.6,0,0,0,9,0,0,3,0
2009,7,26бу31,1001.4,41.5,29.5,30,10,26.7,31.1,23.7,33,22.8,71,50,15.6,0,0,0,9.4,0,0,1,0
2009,8,1бу 5,1001.5,72,40.5,28,13.5,27.6,32.9,23.6,35.1,22,67,36,30,0,0,0,7.2,0,0,1,0
2009,8,6бу10,1003.3,22,14,3.5,1,28.7,32,26.1,36.5,25.5,70,33,12.6,0,0,0,9.1,0,0,0,0
2009,8,11бу15,1001.8,12.5,10.5,6,2,28,33.3,23.3,35.9,19.8,65,30,31.4,0,0,0,7.2,0,0,1,0
2009,8,16бу20,1008.5,0,0,0,0,28.6,33.8,24.2,35.8,23.6,56,22,37.1,0,0,0,6.3,0,0,0,0
2009,8,21бу25,1002.9,0,0,0,0,26.1,31.1,22.4,33.1,18.4,59,30,30.1,0,0,0,7.3,0,0,0,0
2009,8,26бу31,1005.5,0,0,0,0,26,30.1,22.8,32,19.5,60,34,18.3,0,0,0,7.9,0,0,0,0
2009,9,1бу 5,1007.7,0,0,0,0,26.3,31.6,22.4,33.3,20.4,60,34,32.7,0,0,0,6.4,0,0,1,0
2009,9,6бу10,1000.6,0,0,0,0,24.2,30.8,19.4,33.7,15.5,58,28,37.8,0,0,0,3.8,0,0,0,0
2009,9,11бу15,1005.7,33,27,9,3,21.6,25.8,17.5,29.8,16.6,64,28,19.3,0,0,0,8.2,0,0,0,0
2009,9,16бу20,1006.3,0,0,0,0,22.2,28,17.1,29,15.5,56,30,42.4,0,0,0,3.6,0,0,0,0
2009,9,21бу25,1011.8,0,0,0,0,23.8,29.4,19.4,31.2,16.2,62,35,27,0,0,0,6.7,0,0,0,0
2009,9,26бу30,1012.8,20.5,19.5,2.5,1,23.1,26.4,20.4,30.7,19.7,68,34,15,0,0,0,9.3,0,0,0,0
2009,10,1бу 5,1008.6,59,51,28,9.5,21.6,25.6,18.1,27.8,16.4,67,29,20.2,0,0,0,8,0,0,0,0
2009,10,6бу10,1004.9,57,38.5,10.5,2.5,17.9,21.4,15.3,22.7,12.7,70,36,13.2,0,0,0,7.9,0,0,0,0
2009,10,11бу15,1011.1,0,0,0,0,16.9,23.4,11.9,23.8,10.7,60,30,37.9,0,0,0,5,0,0,1,0
2009,10,16бу20,1005.4,0,0,0,0,17.7,23.3,13.3,23.7,11.3,61,33,32.5,0,0,0,5,0,0,1,0
2009,10,21бу25,1013.8,0,0,0,0,17.1,21.9,12.4,23,10.5,56,25,27.5,0,0,0,7.1,0,0,0,0
2009,10,26бу31,1013.8,15,14,3.5,1,17.5,23.2,12.7,25.2,10.9,64,28,42.3,0,0,0,3.6,0,0,0,0
2009,11,1бу 5,1016.7,24.5,17,7.5,3,12.2,18.1,7.6,23.1,4,69,36,21.8,0,0,0,6.4,0,0,0,0
2009,11,6бу10,1013,15.5,15.5,5,1.5,16.2,22.2,11.1,23.7,8.3,68,33,29.2,0,0,0,4.9,0,0,0,0
2009,11,11бу15,1008.4,84,60.5,16,4.5,15.2,18.3,12.5,20.7,9.7,65,36,12.5,0,0,0,8.5,0,0,0,0
2009,11,16бу20,1016.9,17.5,17.5,3,1,9.5,13.4,7,14.8,5.8,65,38,10.4,0,0,0,9,0,0,0,0
2009,11,21бу25,1017.4,15,6.5,2.5,0.5,10.2,15,6.3,19.3,3.3,73,40,15.6,0,0,0,7.2,0,0,0,0
2009,11,26бу30,1015.9,0,0,0,0,10.8,16.3,5.9,19.3,3.6,67,40,26.9,0,0,0,3.4,0,0,0,0
2009,12,1бу 5,1012.4,13,5,2.5,1,10,14.7,6.1,17.7,5.1,72,38,22.1,0,0,0,5.2,0,0,0,0
2009,12,6бу10,1016.7,8.5,8.5,3.5,1,8.6,13.1,4,13.5,3.1,63,35,24.5,0,0,0,5.5,0,0,0,0
2009,12,11бу15,1011.7,15.5,14.5,3.5,1,9.6,13.4,6.7,17.1,2.9,69,37,11.4,0,0,0,7.4,0,0,0,0
2009,12,16бу20,1010.5,0,0,0,0,3.8,8,0.6,9.8,-1.7,49,25,30.5,0,0,0,4.1,0,0,0,0
2009,12,21бу25,1014.6,1,1,0.5,0.5,5.3,10.2,1.1,13.3,-0.8,67,38,26.8,0,0,0,4.1,1,0,0,0
2009,12,26бу31,1008.4,4,3.5,2,0.5,6.2,10.7,2.9,15,-0.3,58,25,29.4,0,0,0,6.7,1,0,0,0
2010,1,1бу 5,1007.4,1,1,1,1,4.6,8.8,1.2,9.9,-1.2,56,36,23.3,0,0,0,6.3,2,0,1,0
2010,1,6бу10,1011.9,0,0,0,0,4.1,8.7,1.1,9.5,0,63,35,18.6,0,0,0,6.4,2,0,0,0
2010,1,11бу15,1012.4,2.5,2.5,1,0.5,3.3,7.3,-0.2,11,-2.5,54,29,20.3,0,0,0,5.9,1,0,0,0
2010,1,16бу20,1022.8,2,2,2,1,5.1,11.1,-0.1,15.9,-2.4,64,39,32,0,0,0,4.8,1,0,0,0
2010,1,21бу25,1012.5,8,8,7,2,5.2,9.2,1.6,14.4,-0.8,63,33,13.2,0,0,0,6.8,0,0,0,0
2010,1,26бу31,1015,19.5,15.5,4,1.5,5.8,10.7,1.7,12.3,-1.5,64,24,29.7,0,0,0,4.9,0,0,0,0
2010,2,1бу 5,1011,22.5,22.5,5.5,1.5,3.7,7.5,0.9,9.6,-0.6,60,29,16.6,0,0,0,8.1,3,0,0,0
2010,2,6бу10,1015.1,13,9,3.5,1,6.8,11,3.1,17.2,-0.4,69,36,13,4,3,3,7.4,2,0,0,0
2010,2,11бу15,1014.3,42.5,30.5,9.5,2.5,5.3,8.7,2.6,10.1,0.5,66,34,12.1,0,0,0,9.4,0,0,0,0
2010,2,16бу20,1013.9,0,0,0,0,4,9.1,0,11,-1.3,57,27,21.1,0,0,0,6.9,0,0,0,0
2010,2,21бу25,1014.9,0,0,0,0,11.2,18.1,5,22.1,0.8,58,28,36.4,0,0,0,4.5,0,0,0,0
2010,2,26бу28,1007.9,62,34.5,7.5,2,11.5,14.2,9.2,16.3,5.4,71,53,6.1,0,0,0,8.9,0,0,0,0
2010,3,1бу 5,1010.8,18.5,11.5,5,1.5,10.2,13.9,7,16,3.6,69,34,13.6,0,0,0,8.4,0,0,0,0
2010,3,6бу10,1011.8,50,22,4,1.5,6.8,9.7,5,12.1,2.6,71,40,6.2,0,0,0,9.5,0,0,0,0
2010,3,11бу15,1018.3,16,16,6.5,1.5,9.6,15.2,4.2,17.1,1,60,23,22.6,0,0,0,6.1,1,0,0,1
2010,3,16бу20,1009.6,5.5,5,3.5,1,10.2,16.3,4.4,24.6,2.7,58,15,26.3,0,0,0,6,0,0,0,0
2010,3,21бу25,1007.9,69.5,22,7,2.5,8.6,12.1,5.1,19,2.2,67,27,11.5,0,0,0,8.8,0,0,0,0
2010,3,26бу31,1018.8,7,3,2,1,6.3,12.2,1.8,15,-0.1,62,25,30,0,0,0,7,3,0,0,0
2010,4,1бу 5,1012.6,32.5,28.5,16.5,6,11.3,17.2,5.6,19.9,1.5,61,11,22.9,0,0,0,6.9,0,0,0,0
2010,4,6бу10,1013.7,0,0,0,0,13.5,19.5,8,23.5,4.5,54,19,29.1,0,0,0,7.5,0,0,0,0
2010,4,11бу15,1010.3,44,43,7,1.5,12.6,16.2,9.8,20.7,5.5,67,30,7.6,0,0,0,9.5,0,0,0,0
2010,4,16бу20,1016.7,22.5,16.5,2.5,1,12.3,16.6,7.7,21.7,4.2,60,17,22.7,0,0,0,8.1,0,0,0,0
2010,4,21бу25,1010.6,63,62,10,3.5,11.7,16.4,7.4,19.9,3.2,62,13,24.6,0,0,0,6.9,0,0,0,0
2010,4,26бу30,1010.9,29.5,15.5,5,2,14.3,19,9.7,21.5,5.9,50,14,33.8,0,0,0,6.4,0,0,1,0
2010,5,1бу 5,1011.5,0,0,0,0,18.6,25.9,11.4,30.9,6.9,50,17,50.4,0,0,0,4.2,0,0,0,0
2010,5,6бу10,1004.5,19.5,16,7,1.5,19,24.5,13.1,28.9,8.9,56,18,24.7,0,0,0,8.5,0,0,0,0
2010,5,11бу15,1009,8,8,3.5,1.5,14.2,19,10.6,23.1,7.9,59,22,23.7,0,0,0,7.9,0,0,0,0
2010,5,16бу20,1010.6,14.5,11,3,2,20.4,25.7,15.1,28.6,11.6,63,26,30.3,0,0,0,7.6,0,0,0,0
2010,5,21бу25,1000.9,160,109,16.5,5.5,20.4,26.6,15.3,30.4,13.5,65,21,25.7,0,0,0,7.7,0,0,0,0
2010,5,26бу31,1005.1,1,1,1,1,16.5,22,12.5,25.9,10.1,59,29,35.2,0,0,0,9.2,0,0,0,0
2010,6,1бу 5,1010.3,3,3,3,2.5,21.1,28.5,15.2,30.2,14.3,54,24,48.7,0,0,0,5,0,0,1,0
2010,6,6бу10,1009.2,0,0,0,0,22.4,27.7,17.2,32.5,14.3,54,24,28.2,0,0,0,6.8,0,0,0,0
2010,6,11бу15,1006.3,53.5,30,8,3,22.9,28,18.9,32.7,17.1,64,22,24.5,0,0,0,6.8,0,0,0,0
2010,6,16бу20,1000.8,79,49.5,22.5,9.5,24.7,28.8,21.3,33.1,19.1,72,32,14.9,0,0,0,9.6,0,0,1,0
2010,6,21бу25,1003.9,32,26.5,7,3.5,24.3,28.7,20.3,31.8,17.3,65,27,13.9,0,0,0,9.3,0,0,1,0
2010,6,26бу30,1004.5,59.5,18.5,8.5,4.5,26.7,31,23.5,33.9,22,75,41,11.8,0,0,0,10,0,0,0,0
2010,7,1бу 5,996,95.5,89.5,23,8.5,26.4,30.3,23.4,33,22.2,71,44,11.6,0,0,0,9.5,0,0,1,0
2010,7,6бу10,1001.7,51,43.5,43.5,20.5,25.8,31,22.1,33.7,21.1,68,31,18.9,0,0,0,9.7,0,0,1,0
2010,7,11бу15,1006.1,228.5,125,35,11,25.3,28.1,23.4,30.6,22.7,81,58,1.8,0,0,0,10,0,0,3,0
2010,7,16бу20,1013.1,5,5,4.5,4,28.5,34.1,24.1,35.1,23.4,63,39,42.9,0,0,0,6.9,0,0,1,0
2010,7,21бу25,1009.3,24.5,24.5,24.5,15.5,30.4,36.9,25.4,37.4,24.7,57,33,54.5,0,0,0,5.5,0,0,2,0
2010,7,26бу31,1004.7,20.5,20.5,3.5,2,28.9,33.5,25.5,36.6,23.4,64,31,27.2,0,0,0,8.6,0,0,0,0
2010,8,1бу 5,1005.4,0,0,0,0,30.8,35.6,27.2,36.5,26,60,40,31.7,0,0,0,6.4,0,0,0,0
2010,8,6бу10,1010.3,33,33,15,9,29,33.7,26,35.7,24.9,64,39,23.2,0,0,0,8.1,0,0,0,0
2010,8,11бу15,1003.8,142,141,76.5,21.5,28.7,32.7,25.3,34.6,24,70,47,13.3,0,0,0,9.6,0,0,1,0
2010,8,16бу20,1010.4,0,0,0,0,30.7,36.2,26.4,36.6,25.4,60,40,39.2,0,0,0,4.1,0,0,0,0
2010,8,21бу25,1009.5,0,0,0,0,30.7,36.3,26.6,37.5,25.7,61,36,34.6,0,0,0,4.5,0,0,2,0
2010,8,26бу31,1010.3,0,0,0,0,30.6,36.3,26.3,37.1,25.7,57,32,47.7,0,0,0,5.1,0,0,1,0
2010,9,1бу 5,1010.7,0,0,0,0,30.5,36.7,26,38.1,25.7,58,35,34.9,0,0,0,6.2,0,0,1,0
2010,9,6бу10,1005.8,55,55,26,8.5,28,33.7,23.9,36.2,20.9,61,34,35.4,0,0,0,6.6,0,0,1,0
2010,9,11бу15,1005.7,25.5,25.5,11,4,27.4,32.3,23.5,35.6,21.6,62,39,19.7,0,0,0,7.7,0,0,0,0
2010,9,16бу20,1006.4,33,33,17,6,25,30.8,20.4,32.7,18.6,62,32,33.7,0,0,0,6.2,0,0,0,0
2010,9,21бу25,1005.2,11.5,11.5,5.5,3.5,23.9,28.5,20.2,33.1,16.8,62,25,18.2,0,0,0,7.6,0,0,1,0
2010,9,26бу30,1011.4,94,59.5,16,3.5,20.6,25.4,16.8,28.1,14.4,64,27,22.8,0,0,0,7.9,0,0,0,0
2010,10,1бу 5,1009.3,25.5,16.5,6.5,3.5,21.1,26.3,17.2,28.5,15,69,38,28.1,0,0,0,6.9,0,0,0,0
2010,10,6бу10,1010,63,47.5,10.5,3,20.4,25.5,16.4,27.7,14.2,73,37,28.9,0,0,0,5.5,0,0,0,0
2010,10,11бу15,1007.3,0,0,0,0,21.3,26.4,17.1,28.6,15.7,65,39,26.8,0,0,0,7.5,0,0,0,0
2010,10,16бу20,1015.8,0,0,0,0,19.3,24.3,15.1,24.8,13.3,62,29,25.2,0,0,0,8.1,0,0,0,0
2010,10,21бу25,1010.3,9,5,2.5,1.5,19.1,22.7,16.7,24.5,14.5,72,44,5.9,0,0,0,10,0,0,0,0
2010,10,26бу31,1013.1,62.5,48,9,2,14.4,17.8,11.3,19.7,7.8,74,40,13.7,0,0,0,8.9,0,0,0,0
2010,11,1бу 5,1012.8,3.5,3.5,3.5,0.5,12.9,18.4,8.1,19.7,6,66,31,29.3,0,0,0,4.6,0,0,0,0
2010,11,6бу10,1010.6,0.5,0.5,0.5,0.5,13.3,18.2,8.6,20.1,6.2,63,31,22.3,0,0,0,4.6,0,0,0,0
2010,11,11бу15,1017,0.5,0.5,0.5,0.5,12.6,17.6,8.1,20.1,3.7,70,34,16.7,0,0,0,6.8,0,0,0,0
2010,11,16бу20,1015.8,0,0,0,0,10.3,15.6,6,18.7,3.8,67,26,27.8,0,0,0,5.3,0,0,0,0
2010,11,21бу25,1010.6,10.5,10.5,1.5,0.5,11.9,16.3,7.7,20.1,4.8,75,45,20.1,0,0,0,7.5,0,0,0,0
2010,11,26бу30,1013.7,0,0,0,0,9.6,15.1,5.2,16,2.5,64,31,29,0,0,0,5,0,0,0,0
2010,12,1бу 5,1011.4,39,25,9.5,4,11.3,17.5,5.7,20.3,3.2,65,30,37.9,0,0,0,4.8,0,0,1,0
2010,12,6бу10,1005,0.5,0.5,0.5,0.5,8.4,12.7,4.9,17.5,3.1,71,39,24.2,0,0,0,5.8,0,0,0,0
2010,12,11бу15,1009.6,29.5,22.5,3.5,1,9.1,12.4,5.6,16.2,2.9,73,38,8.2,0,0,0,8,0,0,0,0
2010,12,16бу20,1011.8,0,0,0,0,5.8,11,2.2,15.5,-0.5,67,32,23.3,0,0,0,5.7,0,0,0,0
2010,12,21бу25,1005.7,24,23,8,2,7.5,11.6,3.9,15.4,0,66,33,19.8,0,0,0,5.3,0,0,0,0
2010,12,26бу31,1002.4,13,10,2.5,0.5,3.8,7.8,0.6,12.9,-1.3,64,28,26.4,9,9,9,6,2,0,0,0
2011,1,1бу 5,1009.2,4,2.5,1,0.5,3.4,8.4,-0.6,9.6,-2.2,75,34,23.6,0,0,6,6.1,2,0,0,0
2011,1,6бу10,1012.5,0,0,0,0,3.1,7.7,0,10.4,-1.2,71,38,24.7,0,0,0,6.5,3,0,0,0
2011,1,11бу15,1010.4,0,0,0,0,3.2,7.8,-0.6,8.6,-1.8,63,29,24.5,0,0,0,6,3,0,0,0
2011,1,16бу20,1013,6,5.5,1.5,1,1.9,6.7,-1.4,8.3,-3.9,66,38,31.5,6,5,6,6.3,3,0,0,0
2011,1,21бу25,1014.8,0,0,0,0,3.7,8.3,0.3,10.2,-0.6,68,35,22.7,0,0,0,7,2,0,0,0
2011,1,26бу31,1017.1,0,0,0,0,1.8,6.4,-1.5,8.2,-3.9,58,27,35,0,0,0,4.1,5,0,0,0
2011,2,1бу 5,1015.4,0,0,0,0,5.2,11.5,0.3,13.1,-0.6,61,26,30.7,0,0,0,5.3,0,0,0,0
2011,2,6бу10,1008.4,7.5,4,2.5,1,5.9,10.9,2,14.1,0.7,65,24,15.8,0,0,0,7.8,1,0,0,0
2011,2,11бу15,1012.3,13.5,11,3,1,2.3,6.6,-0.3,7.8,-1,76,41,14.9,2,2,2,7.8,4,0,0,0
2011,2,16бу20,1015.2,24.5,13,7.5,2,6.4,12.5,1.2,15.2,-2.2,60,25,28.3,0,0,0,7.8,0,0,0,0
2011,2,21бу25,1016.8,0,0,0,0,9.9,16.6,4.8,19.5,1.3,63,15,32.6,0,0,0,5.4,0,0,0,0
2011,2,26бу28,1016.3,35,35,9.5,3,9.7,14.9,5.3,18.9,3.2,64,26,15.8,0,0,0,7.6,0,0,0,0
2011,3,1бу 5,1010,9,8.5,3,0.5,4.7,8.5,1.8,11.4,-0.9,70,31,20.2,2,2,2,7.9,4,0,0,0
2011,3,6бу10,1010.1,18,13.5,3,1,5.5,10.7,1.8,12,0,68,26,19.2,0,0,0,6.5,2,0,0,0
2011,3,11бу15,1012.7,1,1,0.5,0.5,9.2,15.7,3.3,20.7,-0.1,63,32,24.7,0,0,0,6.7,0,0,0,0
2011,3,16бу20,1012.9,3.5,2,1,0.5,6.5,12.1,2.2,18.4,-0.4,67,29,25.6,0,0,0,7.1,3,0,0,0
2011,3,21бу25,1011.3,25.5,25,7,2,7.5,12.9,3.3,16.2,0.5,60,24,19,0,0,0,7.2,1,0,0,1
2011,3,26бу31,1017.4,3,3,1.5,1,7.1,13.8,1.5,17.7,-0.7,57,16,48.3,0,0,0,2.4,1,0,0,0
2011,4,1бу 5,1015.7,0,0,0,0,9.5,16.8,3.6,20.3,1.4,45,10,44.6,0,0,0,2.7,0,0,0,0
2011,4,6бу10,1015.6,19,10.5,3.5,1,14,19.9,8.6,22,3.8,59,13,30.4,0,0,0,5.4,0,0,0,0
2011,4,11бу15,1008.3,0,0,0,0,13.1,20.7,7,24.4,4.7,48,12,44.5,0,0,0,3.2,0,0,0,0
2011,4,16бу20,1004.3,25,18,6,2.5,11.8,17.9,6.9,22,4.2,65,20,24.8,0,0,0,8.6,0,0,0,0
2011,4,21бу25,1007.6,40,24.5,6.5,2,11.9,17.6,6.9,20.9,3.9,73,23,22.2,0,0,0,7.4,0,0,2,0
2011,4,26бу30,1005,23,20.5,6.5,3.5,14.8,21.8,9,26.3,6.5,67,25,16.6,0,0,0,7,0,0,0,0
2011,5,1бу 5,1006.9,3,3,1.5,0.5,16.4,22,11.3,24.4,9.7,56,22,24.2,0,0,0,7.7,0,0,0,0
2011,5,6бу10,1007.4,44,44,13,6.5,20.7,26.3,15.5,29.6,11,63,24,22.3,0,0,0,9,0,0,1,0
2011,5,11бу15,1001.6,105,91,13.5,4.5,19.4,23.9,15,26.2,10.9,64,11,31,0,0,0,8,0,0,1,0
2011,5,16бу20,1009.9,5,5,3,2,19.8,26.7,13.2,28.6,11,51,17,44.4,0,0,0,4.3,0,0,1,0
2011,5,21бу25,1009,100.5,40,19,4.5,19.5,24.3,14.8,29.4,13.5,69,27,21.8,0,0,0,8.9,0,0,0,0
2011,5,26бу31,1004.4,157.5,119.5,17.5,4.5,18.4,20.7,16,23.2,13.9,79,47,3.9,0,0,0,10,0,0,0,0
2011,6,1бу 5,1006.3,39,20,15,14.5,20.7,24.8,17,29.1,15.9,75,36,13.5,0,0,0,9.6,0,0,1,0
2011,6,6бу10,1001.4,8.5,8.5,3.5,1,22.9,27.4,19.4,28.8,16.3,67,33,17.1,0,0,0,9.5,0,0,1,0
2011,6,11бу15,1001.3,57,39.5,10.5,4.5,21.6,25.9,17.9,27.8,16.4,70,33,13.8,0,0,0,9.8,0,0,0,0
2011,6,16бу20,1004.3,33.5,17.5,5,2.5,21.8,24.8,19.5,26.8,17.9,82,60,0.3,0,0,0,9.9,0,0,0,0
2011,6,21бу25,1004.7,5.5,5.5,2.5,1,27.9,32.6,24.4,34.9,21.5,70,45,27.3,0,0,0,8.1,0,0,1,0
2011,6,26бу30,1007.6,2,2,2,1,29.4,34.6,25.3,36.4,24.6,64,40,30.1,0,0,0,7.4,0,0,1,0
2011,7,1бу 5,998.4,11.5,7,3,1,27.3,31.6,23.7,33.3,23.3,72,38,13.2,0,0,0,9.3,0,0,0,0
2011,7,6бу10,1004.6,52.5,43,7.5,2,28.1,32.7,24.1,36.5,22.3,70,34,32.9,0,0,0,7.4,0,0,0,0
2011,7,11бу15,1008.9,0,0,0,0,29.1,34.2,24.9,35.8,24.2,63,37,40.9,0,0,0,4.8,0,0,1,0
2011,7,16бу20,996.5,50,35,12,4,28.6,32.8,25.3,36.7,24.4,70,37,22.9,0,0,0,7,0,0,0,0
2011,7,21бу25,1002.1,2,2,1.5,0.5,26.3,30.8,22.8,32.5,21.1,70,43,16.1,0,0,0,8.3,0,0,0,0
2011,7,26бу31,1005.1,21.5,14,14,6,27.9,33.2,24.4,33.9,23.2,69,43,25.5,0,0,0,9.1,0,0,2,0
2011,8,1бу 5,1005.7,19.5,15,13.5,10,28,32.4,24.8,34.2,23.9,67,39,25.4,0,0,0,7.1,0,0,1,0
2011,8,6бу10,1005.7,0,0,0,0,30.2,35.8,25.3,36.9,24.1,63,37,48.1,0,0,0,7.4,0,0,1,0
2011,8,11бу15,1002.7,0.5,0.5,0.5,0.5,30.1,35.4,26.3,36.7,25.6,65,36,34.4,0,0,0,6.6,0,0,0,0
2011,8,16бу20,1002.3,9.5,7,3,1.5,28.6,33.2,25.6,35.6,22.2,68,38,13.4,0,0,0,9,0,0,0,0
2011,8,21бу25,1005.3,27,22,15,11,26.8,30.9,23.5,34.7,22.2,76,42,12.1,0,0,0,9.9,0,0,1,0
2011,8,26бу31,1006.1,5.5,5,4,3,28.6,33.8,24.5,34.8,23.7,67,36,39,0,0,0,6.2,0,0,1,0
2011,9,1бу 5,993.7,177,93,22.5,7.5,26.2,28.9,23.4,31.3,21.2,78,56,1.1,0,0,0,9.9,0,0,0,0
2011,9,6бу10,1007.2,0,0,0,0,25.7,31.8,20.4,34.5,16.5,62,33,48.5,0,0,0,4.4,0,0,0,0
2011,9,11бу15,1010.7,0,0,0,0,28.5,34.3,24.1,35.2,22.9,64,34,34.8,0,0,0,4.9,0,0,0,0
2011,9,16бу20,1003.7,96.5,38,13,6,25.5,29.8,22.8,33.2,20.3,80,52,12.8,0,0,0,9.5,0,0,1,0
2011,9,21бу25,1005,70.5,67,14.5,6.5,20.3,25.1,16.2,26.1,12.8,70,29,21.3,0,0,0,6.7,0,0,0,0
2011,9,26бу30,1010.6,1,1,1,0.5,21.9,27,17.4,28.9,15.3,67,28,27.6,0,0,0,7.6,0,0,0,0
2011,10,1бу 5,1013.3,17,17,5,1.5,17.7,22.5,13.6,23.7,10.2,63,18,22.6,0,0,0,8.5,0,0,0,0
2011,10,6бу10,1013.2,4.5,4.5,2.5,0.5,18.9,25,13.9,26,12.2,63,23,40.4,0,0,0,4.1,0,0,0,0
2011,10,11бу15,1010.1,103.5,70.5,13.5,9,19.4,23.2,16.1,25.7,14.8,77,39,8.6,0,0,0,7.4,0,0,0,0
2011,10,16бу20,1013.3,2,2,5,0.5,18.6,24.4,13.3,26.1,11,63,34,43.3,0,0,0,5.4,0,0,0,0
2011,10,21бу25,1008.9,57,52,35.5,14.5,20.1,24.8,16.1,26.4,13.1,75,48,14.5,0,0,0,8.3,0,0,1,0
2011,10,26бу31,1016.9,21.5,19.5,5,1.5,16.1,21.6,11.4,23.7,7.6,68,37,38,0,0,0,5.3,0,0,0,0
2011,11,1бу 5,1020.2,5,5,2,1,18.6,23.7,14.2,26.2,11.9,73,42,25.4,0,0,0,5.3,0,0,0,0
2011,11,6бу10,1011.7,0.5,0.5,0.5,0.5,15.5,19.1,12.3,22.1,10,71,36,8.7,0,0,0,9.2,0,0,0,0
2011,11,11бу15,1012,7,7,3,1,14.8,19.7,11.4,22.7,10.2,75,39,22.7,0,0,0,6.6,0,0,0,0
2011,11,16бу20,1014.6,60,57,11.5,3,13.2,17.3,9,18.6,7.2,71,21,17.5,0,0,0,8.1,0,0,0,0
2011,11,21бу25,1017.3,0.5,0.5,0.5,0.5,9.3,13.7,5.2,14.7,3.6,63,30,28.3,0,0,0,3.8,0,0,0,0
2011,11,26бу30,1018.2,0,0,0,0,11.3,16.5,7,20.3,3.8,77,43,17.2,0,0,0,7.7,0,0,0,0
2011,12,1бу 5,1012,4,4,2,1,11.3,14.8,8.7,18.1,5.7,68,42,12.1,0,0,0,8.2,0,0,0,0
2011,12,6бу10,1014.5,5.5,4,1.5,1,7.7,11.2,4.2,15,0.2,71,38,12.4,0,0,0,8.1,0,0,0,0
2011,12,11бу15,1016.6,0,0,0,0,7.2,13.3,2.8,15.7,1.4,69,35,21.7,0,0,0,4.3,0,0,0,0
2011,12,16бу20,1017.1,0,0,0,0,5.2,9.2,1.7,10.4,0.1,62,37,24.9,0,0,0,5.8,2,0,0,0
2011,12,21бу25,1011.6,0,0,0,0,4.6,9.1,1.7,11.3,-0.2,64,35,21.3,0,0,0,6.1,4,0,0,0
2011,12,26бу31,1020,0,0,0,0,3.8,8.6,0.7,11.7,-0.9,70,37,30.5,0,0,0,6.7,5,0,0,0
2012,1,1бу 5,1011.7,4,3,1.5,0.5,4.4,8.5,1.4,11.1,0.5,68,25,19.4,0,0,0,8.3,3,0,0,0
2012,1,6бу10,1020.5,0,0,0,0,4.3,8.9,1,10.9,0,71,41,22.5,0,0,0,6.6,3,0,0,0
2012,1,11бу15,1014.2,0.5,0.5,0.5,0.5,4.3,8.8,1,10.4,-0.9,67,35,18.3,0,0,0,7.2,4,0,0,0
2012,1,16бу20,1013.8,20,16.5,3.5,1,5.2,9.1,2.2,10.8,-1.3,67,24,16.8,0,0,0,8.5,0,0,0,0
2012,1,21бу25,1009.2,6.5,6.5,2,0.5,4.6,8.1,1.9,11.4,-1,73,30,11.8,0,0,0,7.9,3,0,0,0
2012,1,26бу31,1016.1,0,0,0,0,2.4,6.3,-0.3,7.3,-1.3,68,39,19.5,0,0,0,6.9,6,0,0,0
2012,2,1бу 5,1014.2,0,0,0,0,2.3,7.1,-1.8,9.6,-3.5,57,27,29.6,0,0,0,4.9,3,0,0,0
2012,2,6бу10,1010.1,41.5,28.5,7.5,2,4.3,7.9,1.1,10.8,-2.5,66,31,13.2,0,0,0,9.1,3,0,0,0
2012,2,11бу15,1016.9,14.5,8,2.5,1,4,7.4,1.1,8.6,-0.5,74,37,11.4,0,0,0,7.7,2,0,0,0
2012,2,16бу20,1013.9,4,3,3,1,2.4,7.3,-1.3,10,-3.3,65,31,30.2,5,4,5,5.4,4,0,0,0
2012,2,21бу25,1010.3,34.5,17.5,4.5,1,7.4,11.2,3.9,13.6,-0.5,69,34,13.5,0,0,0,8.9,0,0,0,0
2012,2,26бу29,1016.1,20.5,20.5,4.5,1,4.3,8.6,0.8,12.1,-1.4,66,30,17,0,0,0,9,3,0,0,0
2012,3,1бу 5,1012.5,54.5,33,6,1.5,9,12.5,5.4,16.3,2.7,75,33,13.4,0,0,0,9.1,0,0,0,0
2012,3,6бу10,1008.2,22.5,12,3.5,1.5,9.4,13.4,6.4,18.8,4.7,68,35,7,0,0,0,9.5,0,0,0,0
2012,3,11бу15,1015.3,1.5,1,0.5,0.5,4.5,10.2,0.5,12.4,-0.9,60,23,27.7,0,0,0,4.6,4,0,0,0
2012,3,16бу20,1010.2,10,9.5,3,1,8.5,12.9,4.3,13.9,0.2,68,13,19.4,0,0,0,7.6,0,0,0,0
2012,3,21бу25,1007.5,27,23.5,3,1,7.9,12.1,4.1,14.9,1.8,65,23,24.2,0,0,0,6.9,1,0,0,0
2012,3,26бу31,1015.1,26.5,26,11.5,3.5,9.4,16.1,3.3,20.9,1.6,58,7,42.1,0,0,0,5,1,0,0,1
2012,4,1бу 5,1008.2,52,46,27,10,9.3,15.2,4.1,17.9,1.8,61,14,26.4,0,0,0,6.9,0,0,2,0
2012,4,6бу10,1014.1,2,2,1.5,1,10.1,16.1,4.3,22.3,0.4,61,26,37.5,0,0,0,4.8,0,0,1,0
2012,4,11бу15,1004.7,37,31,12.5,3,14,18.7,10.4,22.4,6.4,67,25,26.3,0,0,0,7.2,0,0,0,0
2012,4,16бу20,1012.6,13.5,8,5,3,14.8,21,9.7,25,7,64,15,29.9,0,0,0,6.4,0,0,1,0
2012,4,21бу25,1009.7,12,9,2.5,1,17.8,23.4,13,27.3,11.4,68,31,20.1,0,0,0,7.5,0,0,0,0
2012,4,26бу30,1008.9,1.5,1.5,1,0.5,19.2,25.2,13.8,30.5,9.1,53,9,32.4,0,0,0,5.8,0,0,0,0
2012,5,1бу 5,998.1,16,14.5,2.5,0.5,18.9,22.4,16.2,27,13.1,70,37,14,0,0,0,8.7,0,0,1,0
2012,5,6бу10,1004.3,7,6,6,5.5,18.2,24.1,13.1,27,11.3,58,19,23.1,0,0,0,6.6,0,0,1,0
2012,5,11бу15,1007,9,9,2.5,1,15.4,20.3,10.6,27.9,6.7,62,19,26.5,0,0,0,8.8,0,0,0,0
2012,5,16бу20,1005.5,0,0,0,0,19.7,25.6,14,28.7,11.1,52,14,34.7,0,0,0,7.9,0,0,1,0
2012,5,21бу25,1007.2,1.5,1,0.5,0.5,19.7,25.2,14.7,27.3,12.8,58,16,15.7,0,0,0,7.9,0,0,0,0
2012,5,26бу31,1010.3,11,11,6,6,20.7,27.3,14.7,30.4,13.1,60,20,38.3,0,0,0,7,0,0,1,0
2012,6,1бу 5,1008.1,0,0,0,0,22,27,17.7,29.3,16,60,32,17.4,0,0,0,8.9,0,0,1,0
2012,6,6бу10,997.7,50.5,38,23,6.5,22.2,27.1,18.7,30.1,18.1,66,23,24.3,0,0,0,8.5,0,0,0,0
2012,6,11бу15,1002.9,6,4.5,2.5,1,22.6,27.1,18.6,30.6,17.4,66,35,22.7,0,0,0,8.5,0,0,0,0
2012,6,16бу20,1000.9,107,60,15.5,8,23.7,27,20.9,29.7,19.5,77,48,7.5,0,0,0,10,0,0,0,0
2012,6,21бу25,1003.2,70.5,37.5,13.5,2.5,21.7,26.2,18,28.9,16.4,71,41,14.3,0,0,0,9.7,0,0,0,0
2012,6,26бу30,1007.4,2.5,2.5,1.5,0.5,23.7,28.3,20,32.4,18.4,66,33,20.6,0,0,0,8.1,0,0,0,0
2012,7,1бу 5,1000.2,66.5,38.5,9.5,4.5,24.4,27.6,21.5,31.9,20,80,38,11,0,0,0,9.6,0,0,0,0
2012,7,6бу10,999.7,45,27.5,13,8.5,24.9,29.8,21.2,33.2,18.7,72,36,24.2,0,0,0,7.9,0,0,2,0
2012,7,11бу15,1000.5,159.5,117.5,59,26,27.3,31.7,23.7,34.8,22.8,76,47,9.7,0,0,0,9.9,0,0,1,0
2012,7,16бу20,1007,33,33,13.5,8.5,29.7,34.3,25.8,36.4,25.1,65,36,40,0,0,0,7.6,0,0,1,0
2012,7,21бу25,1007.4,29.5,24.5,24,7.5,27.2,32.5,23.8,34.6,22.7,74,46,22,0,0,0,9.1,0,0,3,0
2012,7,26бу31,1004.5,0,0,0,0,30.9,36.9,26.5,37.5,25.8,61,21,57.6,0,0,0,6.6,0,0,1,0
2012,8,1бу 5,1006.4,0,0,0,0,30.4,35.3,27,36.5,26.7,59,34,39.2,0,0,0,5.3,0,0,0,0
2012,8,6бу10,1001,2,2,2,1.5,28.4,34.8,24,36.6,21.4,61,31,40,0,0,0,5.3,0,0,1,0
2012,8,11бу15,1003.9,59,44,24.5,7,28.1,32.8,24.8,35.2,23.9,75,43,12.1,0,0,0,9.8,0,0,3,0
2012,8,16бу20,1008.5,21,21,18.5,11.5,28.9,35.3,24.3,37.1,23,66,32,41.4,0,0,0,4.9,0,0,2,0
2012,8,21бу25,1010.7,29,17,17,8.5,28.7,34.4,24.4,35.4,23,68,40,33.9,0,0,0,5,0,0,3,0
2012,8,26бу31,1008.2,1,1,1,0.5,29.3,34.3,25.8,36.3,24.8,64,38,35.7,0,0,0,7.3,0,0,0,0
2012,9,1бу 5,1009.3,47.5,47,16,8,27.6,33.1,23.6,34.6,22.1,68,43,31.4,0,0,0,8.8,0,0,1,0
2012,9,6бу10,1011.3,7,4,3.5,3,27.1,32.8,23.5,34.7,22.2,72,36,23.7,0,0,0,8.4,0,0,3,0
2012,9,11бу15,1007.4,3,2.5,1.5,1,26.7,32.5,22.6,34,20.5,68,29,29.2,0,0,0,5.6,0,0,1,0
2012,9,16бу20,1005.8,14,12,2.5,1.5,26.9,31.1,24.1,34.3,22.1,70,33,27,0,0,0,7.8,0,0,0,0
2012,9,21бу25,1006.6,21.5,14.5,7,6,22.9,28.1,19.1,30.2,17.5,67,31,28.1,0,0,0,7.6,0,0,0,0
2012,9,26бу30,1006.5,47.5,46.5,10.5,2.5,22.6,27.9,18.3,30.9,17.2,69,32,33.8,0,0,0,4.7,0,0,0,0
2012,10,1бу 5,1005.6,0,0,0,0,21.5,26.4,17.7,28.2,16.6,69,37,25.5,0,0,0,6.8,0,0,0,0
2012,10,6бу10,1011.3,3,2,1.5,1,20.1,25.5,15.7,26.1,13.8,65,36,26.6,0,0,0,7.1,0,0,0,0
2012,10,11бу15,1010.6,0.5,0.5,0.5,0.5,18.5,24.4,13.6,26.4,10.7,62,32,28.9,0,0,0,5.7,0,0,0,0
2012,10,16бу20,1011.4,38,37.5,13,4,17.9,22,14,25.8,10.3,64,32,30.9,0,0,0,4.4,0,0,0,0
2012,10,21бу25,1013.5,34.5,34.5,23,8,16.1,22.3,11.1,25.6,8.6,67,31,35.5,0,0,0,4.1,0,0,0,0
2012,10,26бу31,1011.9,12,12,5,1.5,15.7,20.9,11.1,23.3,8.8,69,36,32.2,0,0,0,6,0,0,1,0
2012,11,1бу 5,1013.9,1.5,1.5,1.5,0.5,12.7,16.8,8.9,18.5,6.7,64,33,18.9,0,0,0,7.6,0,0,0,0
2012,11,6бу10,1010.7,2.5,2.5,2,1,13.8,18.4,9.9,19.9,9,65,36,24.1,0,0,0,7.3,0,0,1,0
2012,11,11бу15,1007.7,37,26.5,5.5,2.5,11.2,15.3,7.4,18.2,5.4,71,31,18.7,0,0,0,7.7,0,0,1,0
2012,11,16бу20,1011.2,40.5,39.5,15,5.5,10.8,15.1,7.8,15.8,5.7,74,39,23.6,0,0,0,6.5,0,0,0,0
2012,11,21бу25,1012,6.5,6.5,4.5,1,9.8,13.7,6.4,15.3,2.3,69,28,18.7,0,0,0,8.2,0,0,0,0
2012,11,26бу30,1011.3,32,32,6,2.5,8.6,12.8,4.9,14.2,2,75,46,15.8,0,0,0,6.9,0,0,0,0
2012,12,1бу 5,1012.5,6,5,2.5,0.5,6.4,10.2,2.7,13.9,0.9,69,38,17.9,0,0,0,6.3,0,0,0,0
2012,12,6бу10,1009.7,4.5,3.5,3.5,2,3.7,8.2,-0.3,10.1,-1.2,59,24,26.8,0,0,0,5.4,1,0,1,0
2012,12,11бу15,1017.8,10.5,8.5,2,1,5.6,10.3,1.3,13.4,-0.6,74,39,28.9,0,0,0,4.6,1,0,0,0
2012,12,16бу20,1013.4,0.5,0.5,0.5,0.5,6.7,10.6,3.3,14.1,0.7,72,42,15.1,0,0,0,7.9,1,0,0,0
2012,12,21бу25,1013.9,22.5,12.5,5,1.5,4.8,8.7,1.5,12.1,-1.1,68,45,16.9,0,0,0,6.3,1,0,0,0
2012,12,26бу31,1014.3,37,29,5,1.5,5.2,8.4,2.2,13.1,-0.3,72,40,18.5,0,0,0,8,4,0,0,0
2013,1,1бу 5,1017.6,0.5,0.5,0.5,0.5,2.5,6.8,-0.5,10.9,-0.9,66,34,25.2,0,0,0,5.1,3,0,0,0
2013,1,6бу10,1013.7,0,0,0,0,3.9,9.2,0.1,10.5,-2.3,68,32,24.3,0,0,0,5.4,0,0,0,0
2013,1,11бу15,1015.4,26,24.5,5,1.5,4.3,8.1,0.9,9.8,-0.9,70,42,14.1,0,0,0,6.5,2,0,0,0
2013,1,16бу20,1018,0,0,0,0,3.8,7.4,0.1,8.8,-2.2,63,40,21.2,0,0,0,6,2,0,0,0
2013,1,21бу25,1010.5,14.5,8,2.5,1,5.5,9.5,1.6,11.3,-0.8,68,21,14.1,0,0,0,7.5,0,0,0,0
2013,1,26бу31,1017.6,0,0,0,0,3.5,7.7,0.1,12,-1.8,63,24,24.7,0,0,0,6.3,3,0,0,0
2013,2,1бу 5,1016.2,12,9.5,3.5,1.5,8,12.4,4.9,19.7,0.5,66,33,16.1,0,0,0,8.1,0,0,0,0
2013,2,6бу10,1012.6,12,11.5,3,1,3.2,7.6,0.3,10,-1.8,68,31,17.3,0,0,0,7.6,2,0,0,0
2013,2,11бу15,1016.1,22,12,3.5,1,4.3,8.4,1.3,11.6,-0.3,68,37,20.3,0,0,0,7.8,3,0,0,0
2013,2,16бу20,1014.4,43,43,7.5,1.5,2.7,5.9,0.1,7.8,-2.3,71,41,9.8,0,0,0,8.1,5,0,0,0
2013,2,21бу25,1019.1,0,0,0,0,2.9,7,0.1,8.6,-0.9,64,38,24.4,0,0,0,7.3,4,0,0,0
2013,2,26бу28,1014.2,7,4.5,2,0.5,6.8,13.1,2.1,15.9,-0.7,66,28,18.2,0,0,0,7.7,0,0,0,0
2013,3,1бу 5,1012.6,23.5,23.5,12.5,5,5.4,10.6,1.4,13.1,-1.3,64,27,21.5,0,0,0,6.9,2,0,0,0
2013,3,6бу10,1009.4,2.5,2.5,1.5,1,11.8,19.3,5.3,23.4,1.2,56,19,31.8,0,0,0,4,0,0,0,0
2013,3,11бу15,1015.4,12,12,4,1.5,7.5,14.5,1.2,19.6,-1.3,52,19,38.9,0,0,0,3.9,0,0,0,0
2013,3,16бу20,1008,24.5,22.5,10,5,13.1,19.2,7.4,23.2,1.3,63,16,23.5,0,0,0,7.2,0,0,0,1
2013,3,21бу25,1007.1,0,0,0,0,9.2,15.4,3.1,20.3,0.6,52,19,32.9,0,0,0,6.6,0,0,0,0
2013,3,26бу31,1012.5,3,2,1.5,1,10.9,16.4,6.8,19.9,2.3,58,24,18.4,0,0,0,9.2,0,0,0,0
2013,4,1бу 5,1009.6,9.5,6.5,2.5,0.5,13.9,20.4,7.8,26.5,4.7,59,12,29.6,0,0,0,8.3,0,0,0,0
2013,4,6бу10,1000.6,41,39,10,6,12.4,18.1,7.8,20.7,3.4,62,18,22.4,0,0,0,7.7,0,0,1,0
2013,4,11бу15,1008.5,0,0,0,0,11.6,17.9,5.7,22.6,3,53,24,37.2,0,0,0,4.8,0,0,0,0
2013,4,16бу20,1006.1,9.5,9.5,3,1,15.2,21.8,9.6,27.2,5.3,54,17,35.8,0,0,0,5.3,0,0,0,0
2013,4,21бу25,1009.9,35.5,25,5,1,12.2,17.7,6.8,23.5,4.2,63,19,33.4,0,0,0,7,0,0,0,0
2013,4,26бу30,1008,14,12.5,8.5,2.5,14.9,21.3,9.2,26.2,7.5,56,16,32.4,0,0,0,7.2,0,0,0,0
2013,5,1бу 5,1008.4,0,0,0,0,13,19.8,7.4,24.1,5.6,57,21,39.1,0,0,0,5.1,0,0,0,0
2013,5,6бу10,1010.1,5,5,1.5,0.5,16.7,24,9.7,30.2,7.5,46,11,43.3,0,0,0,3.9,0,0,0,0
2013,5,11бу15,1005.4,8,8,3.5,1,20.9,27.8,14.2,32.5,10.8,61,18,47.9,0,0,0,5.5,0,0,0,0
2013,5,16бу20,1005,12,12,3.5,1,19.8,25.9,15.3,28.3,14,60,23,33.1,0,0,0,8.6,0,0,0,0
2013,5,21бу25,1006.6,0,0,0,0,22.8,30.2,16.3,32,13.6,46,16,55.3,0,0,0,5,0,0,0,0
2013,5,26бу31,1010.1,13,6,3.5,1.5,21.8,26.4,17.5,30.3,13.3,67,17,22,0,0,0,9.1,0,0,0,0
2013,6,1бу 5,1006.8,0,0,0,0,23.2,29.4,17.8,32.6,15.8,52,10,31.7,0,0,0,7.2,0,0,0,0
2013,6,6бу10,1006.2,0,0,0,0,23.3,29.1,18.7,31,16.7,53,22,27.5,0,0,0,7.6,0,0,0,0
2013,6,11бу15,1005.4,13.5,13.5,8.5,2.5,26.6,31.9,22.8,35.9,21.4,62,33,28,0,0,0,7,0,0,0,0
2013,6,16бу20,998.7,96.5,56,13,3,25.1,29.4,20.9,33.2,18.9,70,35,16.1,0,0,0,8.9,0,0,0,0
2013,6,21бу25,1002.1,14.5,11,2.5,1,22.7,26.6,19.7,29.2,17.8,75,45,9.4,0,0,0,9.9,0,0,0,0
2013,6,26бу30,1002.3,49,49,8.5,2.5,24,28.2,20.4,31.3,19.6,69,35,21.1,0,0,0,8.6,0,0,0,0
2013,7,1бу 5,1003.7,36,23,11.5,7.5,25.4,29.4,22.4,33.2,21.5,72,40,9.5,0,0,0,9.5,0,0,1,0
2013,7,6бу10,1005.9,0.5,0.5,0.5,0.5,30.2,35.8,25.1,36.9,24.5,63,35,45.8,0,0,0,4.5,0,0,1,0
2013,7,11бу15,1007.2,77.5,43,28.5,15.5,27.9,33.8,24.5,36.9,22.8,72,36,19.9,0,0,0,8.3,0,0,2,0
2013,7,16бу20,1005.9,0,0,0,0,27.6,33.1,23.1,34.7,20.1,61,26,32.2,0,0,0,8.6,0,0,0,0
2013,7,21бу25,1002.1,14,14,13,6,28.7,35,24.2,36.8,22.5,66,34,26.8,0,0,0,8.4,0,0,0,0
2013,7,26бу31,999.1,12,9.5,4,1.5,28.3,33.7,25,35.7,23.8,71,38,21.3,0,0,0,9.5,0,0,1,0
2013,8,1бу 5,1002.8,44.5,31.5,30.5,20,27.9,33.8,24.4,34.9,23.2,69,42,31,0,0,0,7.7,0,0,3,0
2013,8,6бу10,1002,20.5,20.5,19,9,30.2,36.6,25.8,38.2,24.6,68,40,36,0,0,0,7.2,0,0,2,0
2013,8,11бу15,1004.9,0,0,0,0,31,38.2,25.4,39,23.6,51,21,59.1,0,0,0,1.3,0,0,0,0
2013,8,16бу20,1003,0,0,0,0,31.2,37.4,26.9,38.1,26.4,55,29,42.8,0,0,0,6.3,0,0,1,0
2013,8,21бу25,1002.4,32.5,22.5,11.5,3.5,28.8,33.1,25.6,37.5,22.5,71,36,14.8,0,0,0,9.3,0,0,3,0
2013,8,26бу31,1001,4.5,4,2.5,1.5,26.8,32.3,22.7,33.9,20.8,67,37,26.5,0,0,0,8.1,0,0,1,0
2013,9,1бу 5,1005.7,89,50,14,5.5,23.8,27.6,21.6,29.4,19.5,82,51,6.7,0,0,0,9.5,0,0,4,0
2013,9,6бу10,1009.9,18,13,5,1.5,24.1,28.6,20.7,30.8,19,73,42,21.6,0,0,0,7.7,0,0,0,0
2013,9,11бу15,1007,117.5,117,19,5,27.3,32.6,23.4,35.1,21.3,69,36,29.3,0,0,0,7.1,0,0,0,0
2013,9,16бу20,1009.3,133.5,133.5,32.5,9,23.3,30.2,17.3,31.9,15.7,60,24,51.7,0,0,0,1.6,0,0,0,0
2013,9,21бу25,1007.9,0,0,0,0,25.4,31.7,20.3,33.1,19.4,59,28,45.4,0,0,0,4.1,0,0,0,0
2013,9,26бу30,1011.5,0,0,0,0,22.1,27.2,17.8,28.6,14.8,55,26,37,0,0,0,5.6,0,0,0,0
2013,10,1бу 5,1009.5,0,0,0,0,23,27.6,19.1,30.6,15.6,62,38,23.2,0,0,0,8.5,0,0,0,0
2013,10,6бу10,1012.6,16.5,16.5,11.5,4.5,25.4,30.1,22.3,31.5,20.8,69,41,23.5,0,0,0,7.8,0,0,0,0
2013,10,11бу15,1009.9,28,28,7,1.5,21.4,26.1,17.1,30.1,13.3,62,35,31.2,0,0,0,4.3,0,0,0,0
2013,10,16бу20,1014.8,51.5,24,5.5,1,16.6,19.9,13.8,21,11.8,71,34,12.3,0,0,0,8.8,0,0,0,0
2013,10,21бу25,1009.4,115.5,94,17.5,4,18.9,22.5,16.2,25.4,14.5,78,47,6.4,0,0,0,8.4,0,0,0,0
2013,10,26бу31,1014.3,6,6,5,1,15.8,20.4,11.9,23.2,9.7,67,34,27.3,0,0,0,7.7,0,0,0,0
2013,11,1бу 5,1016.4,15,13,4,1.5,15.4,20,11.7,20.9,9.5,70,33,23.9,0,0,0,6.2,0,0,0,0
2013,11,6бу10,1015,5,4,2.5,1,14.9,19.9,10.4,22.1,8.4,69,29,20.8,0,0,0,6.5,0,0,0,0
2013,11,11бу15,1012.2,14,13.5,6.5,1.5,10.1,14.4,6.8,16.2,5.8,73,36,19.7,0,0,0,7.8,0,0,0,0
2013,11,16бу20,1008.3,0,0,0,0,10.6,15.6,6.3,18.7,5.4,61,26,35.2,0,0,0,4.6,0,0,0,0
2013,11,21бу25,1013,14.5,14.5,7,1.5,10.3,15.9,5.7,17.4,4.1,66,33,29.1,0,0,0,4.9,0,0,0,0
2013,11,26бу30,1010.5,1.5,1.5,1.5,1,7.7,12.2,3.2,13.2,1.6,55,24,33.5,0,0,0,5.3,0,0,0,0
2013,12,1бу 5,1012.7,0,0,0,0,8.4,14.6,3.5,15,2.6,68,35,39.2,0,0,0,3.4,0,0,0,0
2013,12,6бу10,1009.9,17.5,17.5,6,1.5,8.5,13,4.4,15.6,1.9,67,40,20.2,0,0,0,7.1,0,0,1,0
2013,12,11бу15,1011.7,0,0,0,0,5.2,10.1,1.9,11.8,0,57,31,17.4,0,0,0,5.6,2,0,0,0
2013,12,16бу20,1011.8,17,13,2,1,6.4,8.6,4.5,9.8,2.5,72,39,8.6,0,0,0,9.2,0,0,0,0
2013,12,21бу25,1017,6.5,6.5,1.5,1,5.4,8.6,3.5,10.4,2.4,66,37,20.6,0,0,0,7.9,2,0,0,0
2013,12,26бу31,1008.9,18.5,13,3.5,1,4.2,8.4,0.9,11.7,-1.6,71,31,28.3,0,0,0,5.9,2,0,0,0
2014,1,1бу 5,1010.8,0.5,0.5,0.5,0.5,5.2,9.3,1.8,12.1,0.1,67,40,14.1,0,0,0,7.8,1,0,0,0
2014,1,6бу10,1015.7,30,30,4,1,4.3,8.1,1,9.9,-0.8,71,36,24.7,0,0,0,7.2,2,0,0,0
2014,1,11бу15,1020.2,0,0,0,0,3.2,7.9,-0.5,10,-1.1,65,35,32.5,0,0,0,5.7,1,0,0,0
2014,1,16бу20,1016.3,4.5,2.5,1.5,0.5,3.3,7.6,-0.2,10.5,-1.5,68,42,14.6,2,2,2,6.8,2,0,0,0
2014,1,21бу25,1016.1,1.5,1.5,1,0.5,4.6,9.8,0.7,14.3,-1.1,69,30,22.9,0,0,0,5.7,2,0,0,0
2014,1,26бу31,1016.8,6,3.5,2.5,2.5,6.1,10.8,1.6,12.9,-0.7,65,29,30.4,0,0,0,6.2,2,0,0,0
2014,2,1бу 5,1008.1,2,2,1.5,0.5,7.3,11.7,3.9,15.4,-0.1,73,41,17.4,0,0,0,6.8,2,0,0,0
2014,2,6бу10,1011.8,18.5,17.5,3.5,1,2.8,6,0.5,8.8,-0.4,70,32,15.1,3,2,2,9.2,5,0,0,0
2014,2,11бу15,1014.7,28,16.5,2.5,1,3.3,6.6,0.8,8.5,-1,71,41,13.7,4,4,4,8.6,2,0,0,0
2014,2,16бу20,1017.3,0.5,0.5,0.5,0.5,4,8,1.2,9.6,-0.2,58,34,24.1,0,0,0,7.7,1,0,0,0
2014,2,21бу25,1022.2,0,0,0,0,4.5,10.2,0.5,13.8,-0.2,60,22,30.7,0,0,0,5,3,0,0,0
2014,2,26бу28,1016.2,6,6,2.5,1,10.9,14.6,6.6,15,1.4,70,31,7.1,0,0,0,10,0,0,0,0
2014,3,1бу 5,1012.5,17,10.5,2.5,0.5,7.6,11.8,3.4,13.9,-0.5,70,27,16.3,0,0,0,8,0,0,0,0
2014,3,6бу10,1014.1,1,0.5,0.5,0.5,3.5,7.7,0.5,11.4,-0.8,63,27,28.4,0,0,0,7.7,4,0,0,0
2014,3,11бу15,1011.3,36.5,36.5,7,1.5,7.3,12.8,2.7,18.1,-0.1,63,21,31.9,0,0,0,6.1,3,0,0,0
2014,3,16бу20,1010.6,23.5,23.5,5,1.5,11.2,17.1,6,20.4,2,65,27,26.5,0,0,0,6.3,0,0,0,0
2014,3,21бу25,1014.3,3,3,1.5,1,9.7,15.5,4.6,20.2,2.1,58,19,33.4,0,0,0,5.2,1,0,0,1
2014,3,26бу31,1006.9,66.5,33.5,11,3.5,13.8,18.8,9.7,22.9,5.9,68,13,29,0,0,0,7.6,0,0,0,0
2014,4,1бу 5,1007,9,6.5,3.5,1.5,13,18.7,7.5,22.5,3.7,59,16,32.3,0,0,0,7.1,0,0,0,0
2014,4,6бу10,1009.8,0,0,0.5,0.5,11.9,19.4,5.8,24.2,2,55,18,44.2,0,0,0,4.2,1,0,0,0
2014,4,11бу15,1012.2,0,0,0,0,12.8,20,6.4,22.1,4.8,37,12,46.3,0,0,0,4.9,0,0,0,0
2014,4,16бу20,1010.1,8,8,4,1.5,15.1,20.7,10,26.7,7.2,55,25,19.2,0,0,0,7.7,0,0,0,0
2014,4,21бу25,1012.1,0,0,0,0,15.9,22.4,10.2,25.9,8.3,51,12,38.6,0,0,0,4.4,0,0,0,0
2014,4,26бу30,1012.8,67.5,59,9,2,17.8,23.4,13.6,26.9,11.6,63,18,25.1,0,0,0,7.8,0,0,1,0
2014,5,1бу 5,1008.9,7.5,5,2.5,2.5,17.9,24.3,12.7,28,8.9,60,10,33.1,0,0,0,7.2,0,0,0,0
2014,5,6бу10,1010.7,0,0,0,0,17.4,24.1,11.5,25.4,8.3,47,18,56.1,0,0,0,5.1,0,0,0,0
2014,5,11бу15,1003.3,14.5,10.5,3,1,19.8,25.8,14.8,29.2,11.2,59,20,24.9,0,0,0,7.4,0,0,0,0
2014,5,16бу20,1004.8,10.5,10.5,4,1.5,20.1,27.1,14.2,29,13,50,21,47.9,0,0,0,5.6,0,0,0,0
2014,5,21бу25,1006.6,34,34,13.5,3.5,19.6,25.2,15.2,29.1,12.8,63,35,23,0,0,0,7.6,0,0,0,0
2014,5,26бу31,1002.4,11.5,11.5,3.5,1,23.2,29.7,17.9,33.6,15.3,57,14,39,0,0,0,4.7,0,0,0,0
2014,6,1бу 5,1004.2,8.5,6.5,3,1.5,24.8,30.4,20.3,36,18.5,54,18,26.7,0,0,0,8.9,0,0,0,0
2014,6,6бу10,1000.8,5,2,2,2,24.2,28.9,20.9,31.5,20,70,38,12.3,0,0,0,8.6,0,0,1,0
2014,6,11бу15,997.6,5.5,4,3,3,23.1,28.1,19.1,30.8,17.3,65,26,18,0,0,0,7.4,0,0,1,0
2014,6,16бу20,1000.2,0,0,0,0,24,29.3,19.5,31.6,18.3,60,30,25.1,0,0,0,7.5,0,0,0,0
2014,6,21бу25,1000.7,5,5,1.5,0.5,24.3,30.1,20.4,33.4,19.6,62,30,20.1,0,0,0,8.6,0,0,0,0
2014,6,26бу30,1000.5,37,18.5,18.5,12,24.5,28.9,21.3,31,20.1,71,41,11.6,0,0,0,9.8,0,0,1,0
2014,7,1бу 5,1001.4,19.5,19.5,6,2,24.7,29.4,20.8,32.6,19.9,69,35,16.7,0,0,0,7.9,0,0,0,0
2014,7,6бу10,1000.7,57,43,10.5,4,26.3,30.1,23.4,32.8,21.8,79,55,8.1,0,0,0,10,0,0,0,0
2014,7,11бу15,999.5,8,4.5,3.5,3,27.5,31.8,24,34.4,22.7,70,36,15.7,0,0,0,8.8,0,0,0,0
2014,7,16бу20,1006.2,7,5.5,3,3,28.1,33.8,24.7,35.5,22.5,68,42,19.1,0,0,0,8.1,0,0,1,0
2014,7,21бу25,1002.8,0,0,0,0,29.8,35,25,36.8,22.5,62,38,26.7,0,0,0,6.3,0,0,0,0
2014,7,26бу31,1005.4,6.5,6.5,6.5,4,29,34.8,24.3,38.3,21.4,62,32,45.4,0,0,0,5.1,0,0,0,0
2014,8,1бу 5,1003.4,4.5,2.5,1,0.5,28.6,32.7,25.7,35.9,24.5,71,41,7.5,0,0,0,9.9,0,0,0,0
2014,8,6бу10,998.1,239.5,121,48.5,10,27.3,31.4,24.3,36.2,21.6,74,36,11.3,0,0,0,9.1,0,0,0,0
2014,8,11бу15,1000.4,55,53,29,13,27.9,32.8,24.9,34.2,23.5,73,36,16.7,0,0,0,9.5,0,0,0,0
2014,8,16бу20,1006.7,119,113.5,87.5,22,29.2,34,25.5,35.8,24.5,71,40,32.6,0,0,0,7.2,0,0,1,0
2014,8,21бу25,1005.8,47.5,35.5,12,6,27.6,32.6,24.6,33.8,23,72,38,11.6,0,0,0,9.6,0,0,1,0
2014,8,26бу31,1006.4,21.5,16,10,6.5,25.2,30.1,22.1,31.7,20.4,71,43,16.4,0,0,0,9.3,0,0,0,0
2014,9,1бу 5,1006.3,20,7.5,4,2.5,25.4,29,22.9,30.9,20.9,75,49,9.8,0,0,0,9.4,0,0,0,0
2014,9,6бу10,1002.2,16,14.5,4.5,3,24.7,31.1,20,32.6,19.1,65,30,30.4,0,0,0,6.1,0,0,1,0
2014,9,11бу15,1006.5,3,3,2,1.5,22.7,28.7,18.3,29.8,17.2,61,32,39,0,0,0,5.8,0,0,1,0
2014,9,16бу20,1007.8,0,0,0,0,21.4,26.1,18.2,31.3,16.7,59,30,17.3,0,0,0,7.9,0,0,0,0
2014,9,21бу25,1008.8,26,15,12,3,22.7,28.4,18.2,29.7,15.5,65,22,33,0,0,0,6.8,0,0,0,0
2014,9,26бу30,1007.7,0,0,0,0,23,28.8,18.7,29.4,17.9,59,30,44.9,0,0,0,4.3,0,0,0,0
2014,10,1бу 5,1006.6,3,1.5,1.5,1,22.6,26,19.8,27.9,18.9,67,43,8.2,0,0,0,9.3,0,0,0,0
2014,10,6бу10,1010.6,25.5,22.5,9.5,2.5,20.4,25.3,16,27.6,13.2,67,35,29.7,0,0,0,5.6,0,0,0,0
2014,10,11бу15,1007.3,57,57,10.5,3,19.2,23.1,16,26.8,11.4,67,40,13.8,0,0,0,8.8,0,0,0,0
2014,10,16бу20,1015.7,8.5,8.5,3.5,1.5,16.9,22.6,12.1,25,9.3,64,33,38.2,0,0,0,4.3,0,0,0,0
2014,10,21бу25,1011.7,1.5,1.5,0.5,0.5,17.7,22.8,13.7,26.2,10.3,68,37,28.1,0,0,0,5.7,0,0,0,0
2014,10,26бу31,1016.1,9.5,4.5,4.5,1.5,16.3,22.5,11.5,26.4,7.2,66,27,37.8,0,0,0,6.2,0,0,1,0
2014,11,1бу 5,1008.9,17.5,13.5,4,2.5,15.6,19.5,12.1,21.2,8.2,71,38,17,0,0,0,7.6,0,0,0,0
2014,11,6бу10,1014.5,7.5,6.5,1.5,0.5,15.1,19.1,11.5,21.7,8.5,70,37,21,0,0,0,7.4,0,0,0,0
2014,11,11бу15,1010.9,0,0,0,0,11.9,17.2,7.4,20.6,4,59,29,27.3,0,0,0,4.6,0,0,0,0
2014,11,16бу20,1017.5,0,0,0,0,10,15.1,6.6,16.2,5.7,66,34,21.1,0,0,0,6.7,0,0,0,0
2014,11,21бу25,1015.2,24.5,24.5,9.5,3,12.4,18.3,8,20.3,4.2,68,25,31.9,0,0,0,5.5,0,0,0,0
2014,11,26бу30,1011.6,10.5,5,2.5,1,14,18.6,10.2,20,7.4,74,40,21.3,0,0,0,7.5,0,0,0,0
2014,12,1бу 5,1006.1,18,10,4,1.5,7.4,10.6,3.9,15.5,1.7,65,27,22.8,0,0,0,5.2,0,0,0,0
2014,12,6бу10,1017.4,0,0,0,0,5.6,10.1,1.6,12.8,0.7,66,39,26.6,0,0,0,5.3,0,0,0,0
2014,12,11бу15,1013.2,20.5,20.5,10.5,5,5.8,8.9,3,11.2,0.7,63,31,12.4,0,0,0,6.6,0,0,0,0
2014,12,16бу20,1012.3,34.5,18.5,6.5,2,3.3,6.1,0.5,8.2,-1.7,72,30,13.2,3,3,2,7.8,2,0,0,0
2014,12,21бу25,1012.9,0,0,0,0,5.6,9.6,2.3,11.1,0.3,64,34,24.4,0,0,0,7.3,0,0,0,0
2014,12,26бу31,1012.2,20.5,10,3,1,5.6,10.2,2.1,12.5,-0.6,73,34,27.5,0,0,0,5.7,0,0,0,0
2015,1,1бу 5,1010.6,23,12.5,4.5,1.5,2.7,6.9,-0.3,11.1,-1.7,78,37,22.9,34,17,22,7.1,4,0,0,0
2015,1,6бу10,1008.2,10.5,10.5,3.5,1,5,8,3.2,10.1,2.7,74,50,14.5,0,0,0,8.4,1,0,0,0
2015,1,11бу15,1017.1,24.5,24.5,9.5,2,5,8.5,2.1,10.5,0.1,72,34,13.1,0,0,0,7.8,1,0,0,0
2015,1,16бу20,1013.3,1.5,1.5,1,0.5,5.2,8.9,2.4,10.9,1.4,72,41,17,0,0,0,7.4,2,0,0,0
2015,1,21бу25,1014,23,18.5,3,1,6.5,10.1,3.2,11.4,0.9,71,33,18.7,0,0,0,9,0,0,0,0
2015,1,26бу31,1014.3,38,25.5,5,1.5,5.1,8,2.4,13,0,75,48,11.2,1,1,1,8.9,3,0,0,0
2015,2,1бу 5,1016.5,7,3.5,3,1,4,7.2,2.1,9.3,-0.3,75,44,9.3,6,6,7,8.7,2,0,0,0
2015,2,6бу10,1012,2,2,1,0.5,3.7,8.2,0,10.5,-1,63,30,21.5,0,0,0,7.3,4,0,0,0
2015,2,11бу15,1008.3,0.5,0.5,0.5,0.5,4.7,9.5,0.8,11.9,-0.4,67,33,20.1,1,1,1,7.3,3,0,0,0
2015,2,16бу20,1010.1,15.5,8.5,4.5,1,5.5,9.6,2.6,13.2,0.3,73,32,22.6,0,0,0,7.6,0,0,0,0
2015,2,21бу25,1012.8,5.5,5.5,3.5,1,9.5,14.8,5,15.9,-0.3,67,20,22.3,0,0,0,7.5,0,0,0,0
2015,2,26бу28,1013.6,13,13,3,1,7,10.3,4.1,11.7,2.3,69,35,9,0,0,0,9.8,1,0,0,0
2015,3,1бу 5,1009.6,54.5,34,7.5,2,7,11.1,3.7,14.7,1.4,68,39,14.5,0,0,0,7.8,0,0,0,0
2015,3,6бу10,1011.4,38.5,19,5,1.5,7.3,11.2,4.2,13.7,-0.3,70,33,15.8,0,0,0,9.3,1,0,0,0
2015,3,11бу15,1014,5,5,2.5,0.5,5.9,10.9,1.1,14.1,-1.2,58,21,22.4,0,0,0,5.8,1,0,0,0
2015,3,16бу20,1009.9,55,33,8,2,14.3,20,9.9,22.7,8.1,72,39,22.7,0,0,0,7.6,0,0,0,0
2015,3,21бу25,1015,1.5,1,0.5,0.5,8.7,14.6,4.4,22.2,1.9,59,15,39.4,0,0,0,4.7,1,0,0,1
2015,3,26бу31,1016.3,4.5,4.5,2,1,12.6,19.8,6.1,24.5,1.6,57,14,56.1,0,0,0,4,0,0,0,0
2015,4,1бу 5,1007.8,43.5,23,6,3.5,16,20.1,12.7,24.8,9.6,76,38,11.7,0,0,0,9.5,0,0,0,0
2015,4,6бу10,1014.7,25,13,4,2,10.7,13.6,7.8,17.4,4.5,73,45,6.6,0,0,0,9.8,0,0,0,0
2015,4,11бу15,1010.4,46,22.5,6.5,2.5,13.3,17,9.9,20,6.2,74,43,9.7,0,0,0,9.2,0,0,0,0
2015,4,16бу20,1007.4,46.5,42.5,7,2.5,15.9,21,10.2,23.8,6.7,62,9,25.2,0,0,0,8.2,0,0,0,0
2015,4,21бу25,1011.3,2.5,2.5,5,1.5,16.9,23.9,10.4,25.9,8.5,50,15,47.2,0,0,0,6.8,0,0,0,0
2015,4,26бу30,1011,0,0,0,0,20.5,27.4,14.5,28.8,10.4,51,20,49.6,0,0,0,4.4,0,0,0,0
2015,5,1бу 5,1005.4,16,15.5,10,7,20.9,27,15.7,31.4,12.6,57,11,40.6,0,0,0,4.7,0,0,0,0
2015,5,6бу10,1007,0.5,0.5,0.5,0.5,19.8,25.5,14.9,28.1,13.3,52,23,34.2,0,0,0,7.2,0,0,0,0
2015,5,11бу15,1006.5,40.5,40.5,9.5,3.5,20.3,27.1,14.4,30.5,10.7,60,18,35.5,0,0,0,7.5,0,0,0,0
2015,5,16бу20,1001.2,71,34.5,14.5,4,20,26.5,14.7,29.3,12.6,64,19,24.2,0,0,0,8.8,0,0,1,0
2015,5,21бу25,1005.1,0,0,0,0,21.2,27.8,15.4,30.4,12.7,51,24,30.4,0,0,0,6.8,0,0,0,0
2015,5,26бу31,1001.9,0,0,0,0,24.6,31.3,19.1,33.6,17.3,47,16,43.5,0,0,0,6.4,0,0,0,0
2015,6,1бу 5,1002.6,64.5,40.5,14,4,21.6,26.5,17,31.2,14.5,62,17,26.7,0,0,0,7.3,0,0,0,0
2015,6,6бу10,1005.2,39,26.5,8.5,2,20.8,25.7,16.5,30.3,14.4,69,31,21.1,0,0,0,9,0,0,0,0
2015,6,11бу15,1002.6,12.5,6.5,3,1.5,24.3,29.6,20.1,32.9,18.8,65,27,20.5,0,0,0,9.6,0,0,0,0
2015,6,16бу20,1000.6,17.5,12,3.5,2.5,22.7,26.5,19.7,31.1,18.1,71,39,10.7,0,0,0,9.2,0,0,0,0
2015,6,21бу25,1003.7,65,65,29,11,24.6,30.2,20.4,31.9,18.6,68,38,26.5,0,0,0,9.3,0,0,1,0
2015,6,26бу30,998.6,64.5,49.5,7,2,22.5,26.4,19.8,29.1,18.7,72,44,14.1,0,0,0,9.8,0,0,0,0
2015,7,1бу 5,998.6,47,33.5,9,4.5,23.8,27.9,20.6,31,19.4,74,43,8.1,0,0,0,10,0,0,0,0
2015,7,6бу10,1007.2,19,13,4.5,1,25,28.3,22.3,33.6,20.7,77,48,7.3,0,0,0,9.6,0,0,0,0
2015,7,11бу15,1002.4,0,0,0,0,29.8,35.1,25.9,36.5,24.4,62,34,35.8,0,0,0,7.8,0,0,0,0
2015,7,16бу20,1001.7,272,183.5,25.5,5.5,27,31.3,23.5,35.7,21.4,74,39,15.9,0,0,0,7.7,0,0,0,0
2015,7,21бу25,1006.1,64,37.5,23,12,27.6,31.7,24.2,35.3,23.5,71,40,24.8,0,0,0,8.6,0,0,0,0
2015,7,26бу31,1003.5,14.5,7,7,5,29.6,35.3,26,36.5,25.7,68,36,36.8,0,0,0,7,0,0,1,0
2015,8,1бу 5,1004.7,1,1,1,1,31.9,38,27,39.1,26.3,60,29,54.2,0,0,0,4.4,0,0,2,0
2015,8,6бу10,1005.5,14,14,14,10.5,30.7,36.8,26.7,38.1,25.5,62,33,35.7,0,0,0,8.1,0,0,2,0
2015,8,11бу15,999.5,27.5,27.5,17.5,6.5,28.6,34.2,24.5,36.1,23.5,63,34,29.6,0,0,0,7.5,0,0,0,0
2015,8,16бу20,1003.8,115,59.5,27,9,26.4,31.1,23.3,33.2,21.9,75,46,11.9,0,0,0,8.7,0,0,0,0
2015,8,21бу25,998.6,38,29.5,11,4.5,27,31.5,23.6,33,22.3,69,42,21.3,0,0,0,7.9,0,0,0,0
2015,8,26бу31,1003.3,46,25,19.5,12,25.9,30.4,22.8,33.7,22,73,36,23,0,0,0,8.3,0,0,1,0
2015,9,1бу 5,1005.7,75.5,37.5,28.5,14.5,24.9,29.5,21.9,31.6,19.7,76,40,20.4,0,0,0,8.6,0,0,1,0
2015,9,6бу10,1000.8,68,33,7,5,23,25.7,20.9,27.5,19.8,81,56,3,0,0,0,9.8,0,0,0,0
2015,9,11бу15,1008.6,0,0,0,0,22.9,28.7,18.1,29.7,17.3,62,33,38.2,0,0,0,6.8,0,0,0,0
2015,9,16бу20,1006.8,24,22,9.5,2.5,21.8,26,18.9,28.2,17.1,71,39,23.1,0,0,0,8.6,0,0,0,0
2015,9,21бу25,1005.5,23,17,7,2,22.7,27.1,19.1,30.3,17.3,68,30,23.9,0,0,0,7.9,0,0,0,0
2015,9,26бу30,1010.7,0,0,0,0,22,27.7,18.1,29.5,16.3,60,20,31.2,0,0,0,7,0,0,0,0
2015,10,1бу 5,1010.6,28.5,21,19.5,8,19.8,25,15.1,27.2,13.8,64,34,30.9,0,0,0,5.4,0,0,0,0
2015,10,6бу10,1006.9,0,0,0,0,18.8,24,14.5,24.9,13.7,60,31,33.2,0,0,0,5.1,0,0,0,0
2015,10,11бу15,1010.8,4,4,3,1,17.8,23.5,13.3,24,11.9,61,30,30.8,0,0,0,5.3,0,0,0,0
2015,10,16бу20,1011.2,0,0,0,0,19.1,26.3,13.5,28,11.5,62,24,47.9,0,0,0,2,0,0,0,0
2015,10,21бу25,1012.5,0,0,0,0,18.3,23.6,13.6,26.3,10.9,60,31,42.4,0,0,0,1.4,0,0,0,0
2015,10,26бу31,1013.6,6,6,5,2,15.5,21.4,10.4,25.5,8.4,59,29,49.1,0,0,0,5.6,0,0,0,0
2015,11,1бу 5,1019.4,14.5,14.5,4,1,14.4,19.5,9.6,24.1,7.3,70,39,33.2,0,0,0,4.2,0,0,0,0
2015,11,6бу10,1013.7,51,29,8,4.5,17.9,21,15.2,25.3,13.1,77,40,9.4,0,0,0,8.9,0,0,0,0
2015,11,11бу15,1016.8,39.5,30.5,5,1.5,15.2,19,12.1,21.5,8.7,71,35,21.8,0,0,0,8.6,0,0,0,0
2015,11,16бу20,1012.9,62.5,34.5,12,3.5,16.2,19.5,13.8,21.7,12.3,77,45,14.5,0,0,0,8.6,0,0,0,0
2015,11,21бу25,1015.4,8,8,2,0.5,14,17.5,11,19.2,8.1,70,45,8.5,0,0,0,9,0,0,0,0
2015,11,26бу30,1014,1.5,1.5,1,0.5,9.1,13.7,5.2,16.1,4.1,66,37,29.4,0,0,0,5.1,0,0,0,0
2015,12,1бу 5,1011.8,13.5,13,4,1,9.9,14,5.4,18.1,3.7,62,38,29.9,0,0,0,4.2,0,0,0,0
2015,12,6бу10,1021,8.5,8.5,2.5,1,9.9,14.7,5.5,16.5,3.6,67,36,26.6,0,0,0,5.9,0,0,0,0
2015,12,11бу15,1009.6,54,52.5,17,5,12.3,16.8,8.8,18.9,7.2,74,47,16.1,0,0,0,8,0,0,0,0
2015,12,16бу20,1017.4,0,0,0,0,7.1,10.8,3.6,15.2,0.9,68,36,14.3,0,0,0,6.9,0,0,0,0
2015,12,21бу25,1014,25,15,4.5,1,9.4,13,6.5,16.3,4.4,80,46,11.2,0,0,0,7.9,0,0,0,0
2015,12,26бу31,1018,0,0,0,0,6,10.5,2.4,12.2,0.6,66,36,34.3,0,0,0,4.4,0,0,0,0
2016,1,1бу 5,1016.6,1,1,1,0.5,8,13.5,3.8,16,1.8,74,41,30.6,0,0,0,5.6,0,0,0,0
2016,1,6бу10,1013.1,0,0,0,0,7.2,11.6,3.5,12.9,1.6,61,33,23.7,0,0,0,6.8,0,0,0,0
2016,1,11бу15,1011.3,0,0,0,0,5.7,10.6,1.8,12.8,0.5,61,32,31.3,0,0,0,5.7,0,0,0,0
2016,1,16бу20,1007.2,22.5,11.5,4,1,4.3,8.1,0.9,10.7,-1.7,67,32,17.5,4,4,4,6.3,2,0,0,0
2016,1,21бу25,1013.7,0,0,0,0,2.3,6.2,-1,8.8,-4.1,61,15,26.6,0,0,0,5.9,1,0,0,0
2016,1,26бу31,1017.9,53.5,49.5,5.5,1.5,6.4,10.7,2.8,12.3,-2.5,67,33,23.2,0,0,0,8.1,0,0,0,0
2016,2,1бу 5,1014.8,0,0,0,0,5.2,9.9,1.7,12,-0.2,64,31,22.4,0,0,0,7.3,0,0,0,0
2016,2,6бу10,1012.4,3,3,2.5,1,4.6,9.9,0.9,11.2,-2,61,24,31.9,0,0,0,4.6,2,0,0,0
2016,2,11бу15,1011.8,66,40,10,5.5,9.6,15.2,5.2,21.8,0,71,33,19,0,0,0,7,0,0,0,0
2016,2,16бу20,1015.1,27,27,8.5,2.5,6.2,10.9,2.3,15.4,-0.7,64,27,34.5,0,0,0,4.9,1,0,0,0
2016,2,21бу25,1020.2,0,0,0,0,5.9,9.9,2.3,11.6,-0.1,59,25,21.6,0,0,0,6.9,1,0,0,0
2016,2,26бу29,1017.1,3,3,1,0.5,7.1,12.8,1.2,16.5,0,61,28,22.8,2,2,2,5,1,0,0,0
2016,3,1бу 5,1020,0,0,1,0,8.2,14.6,2.9,21.4,-0.7,63,25,37.6,1,1,2,4.4,1,0,0,0
2016,3,6бу10,1011.8,28.5,28.5,5.5,1.5,12.5,16.8,9.2,21.7,5.6,69,37,6.5,0,0,0,8.5,0,0,0,0
2016,3,11бу15,1013.9,26,16.5,2.5,1,6.7,11.6,2.8,14.7,1,62,29,25.8,0,0,0,6.8,0,0,0,0
2016,3,16бу20,1011.7,13.5,11,9,2.5,11.6,17.7,6.3,20.9,1.3,60,14,21.2,0,0,0,8.4,0,0,0,1
2016,3,21бу25,1012.6,0,0,0,0,9,14.9,4.7,19.1,2.2,49,22,38,0,0,0,6.4,0,0,0,0
2016,3,26бу31,1014.2,1,1,1,0.5,11.2,17.8,5.2,22.3,1.7,57,18,44.2,0,0,0,6.7,0,0,0,0
2016,4,1бу 5,1010.3,18.5,15,7,2,15.4,19,12.3,21,10.5,68,29,8.6,0,0,0,9.1,0,0,0,0
2016,4,6бу10,1007.5,85.5,85.5,14,3.5,16.3,22.4,11.5,24.7,8.5,61,10,21.4,0,0,0,9.4,0,0,0,0
2016,4,11бу15,1009.5,28.5,22.5,9.5,3.5,14.2,20.1,9.3,24.8,3.5,58,18,37.8,0,0,0,6.4,0,0,0,0
2016,4,16бу20,1010.8,9,9,4.5,1,16.3,23.8,10.1,27.4,6.7,53,14,40.7,0,0,0,5.5,0,0,0,0
2016,4,21бу25,1006.4,18,16,3,1,17.8,23.1,13.6,27.1,12.1,65,25,26.2,0,0,0,9.6,0,0,0,0
2016,4,26бу30,1003.9,21,15.5,4,1.5,16.5,21.2,11.7,28.6,6.6,63,23,26.8,0,0,0,6.6,0,0,0,0
2016,5,1бу 5,1007.4,9.5,7,4,1.5,20.3,27.1,14.4,30.9,11.5,48,16,42.7,0,0,0,5,0,0,0,0
2016,5,6бу10,1006.9,38.5,24.5,4,3,17.9,22.1,14.7,26.9,11.8,70,20,12.9,0,0,0,10,0,0,0,0
2016,5,11бу15,1009.6,13,13,10.5,4,20.8,26.9,15.1,28.9,13.2,60,24,44.4,0,0,0,6.2,0,0,0,0
2016,5,16бу20,1009.7,53.5,50,17,3.5,20.6,27.6,13.9,29.6,10.6,55,20,44.7,0,0,0,7,0,0,0,0
2016,5,21бу25,1008.6,0,0,0,0,23.7,30.5,17.6,33.1,15.6,50,17,46.7,0,0,0,4.7,0,0,0,0
2016,5,26бу31,1001.4,33,12.5,8,3,22.5,27.6,18.7,30.6,16.3,69,32,22.2,0,0,0,7.9,0,0,0,0
2016,6,1бу 5,1004.3,15,13.5,4,1,20.3,25.9,15.6,28.6,12.6,55,12,41.7,0,0,0,6.3,0,0,0,0
2016,6,6бу10,1006.5,7.5,7,3.5,2,23.2,28,19.1,32.4,16.3,67,36,23.7,0,0,0,8,0,0,0,0
2016,6,11бу15,1000.7,46,27.5,10.5,2.5,24.6,29.1,21.1,30.7,20.3,69,42,13.2,0,0,0,9.3,0,0,0,0
2016,6,16бу20,1002.9,49,31.5,8,4,24,28.2,20.3,33.5,18.5,73,24,17.6,0,0,0,8.9,0,0,0,0
2016,6,21бу25,999.4,103,29,17.5,6,23.8,28.3,20.4,30.6,18.5,78,51,8.1,0,0,0,9.3,0,0,0,0
2016,6,26бу30,1005.6,63.5,30,12.5,3,23.4,28.4,20,30.8,18.8,75,35,10.1,0,0,0,8.9,0,0,0,0
2016,7,1бу 5,1006.7,0,0,0,0,28.8,34.9,24.6,37,22.3,67,40,30.2,0,0,0,8.8,0,0,1,0
2016,7,6бу10,1005.3,41,36,9,3,27.8,32,24.4,35.2,21.8,72,40,18,0,0,0,9.3,0,0,0,0
2016,7,11бу15,996.7,25.5,17,14.5,11,27.6,31.5,24.7,35.9,22.5,73,34,16.4,0,0,0,9.3,0,0,1,0
2016,7,16бу20,1002.7,3,3,2,1,27.4,33.6,23.2,34.7,21.7,64,37,33.3,0,0,0,6.3,0,0,0,0
2016,7,21бу25,1006.2,0,0,0,0,27.1,32.4,23.2,34.4,21.9,63,35,28.9,0,0,0,8,0,0,0,0
2016,7,26бу31,1005,33,19.5,13,6.5,28.2,33.3,24.7,36.2,23.5,69,35,32.3,0,0,0,8.4,0,0,1,0
2016,8,1бу 5,1002.8,0,0,0,0,29.5,35.5,25,37.1,24,62,37,40.7,0,0,0,6.7,0,0,0,0
2016,8,6бу10,1001.5,0,0,0,0,30.2,36.3,25.9,37.9,24.1,58,25,52.2,0,0,0,4.1,0,0,0,0
2016,8,11бу15,1000.1,24.5,23.5,23.5,8.5,29.1,35.9,24.6,37.1,21.8,62,34,37,0,0,0,5,0,0,1,0
2016,8,16бу20,997.5,28.5,28.5,22,11,29.5,34.9,25.6,36.5,24.9,67,43,31.3,0,0,0,7.3,0,0,0,0
2016,8,21бу25,999.1,0,0,0,0,30.2,35.4,26.8,36.1,25.6,61,37,34.4,0,0,0,7.2,0,0,0,0
2016,8,26бу31,993,95.5,78,13.5,3.5,26.1,31,22.2,35.6,20.2,67,29,31.3,0,0,0,7.1,0,0,0,0
2016,9,1бу 5,1005.2,2,1.5,1,1,28.1,33.4,24,34.2,21.5,62,25,29.5,0,0,0,7.7,0,0,0,0
2016,9,6бу10,1001.3,86.5,61.5,34,14,26.1,31.6,22.6,35,20.1,71,43,28.1,0,0,0,7.2,0,0,2,0
2016,9,11бу15,1009.1,20,16.5,5,2.5,25.7,29.4,22.8,32.5,21.6,69,41,7.7,0,0,0,9.5,0,0,0,0
2016,9,16бу20,1004,195,101,38.5,13.5,24.4,28,21.9,32.2,20.3,79,43,5.7,0,0,0,9.8,0,0,1,0
2016,9,21бу25,1010.3,35,24,12,4.5,23.1,27,20.3,31.1,18.3,78,48,6.6,0,0,0,9.6,0,0,0,0
2016,9,26бу30,1009.6,120,69.5,20,11.5,24.5,28.4,21.2,31,17.6,79,40,13,0,0,0,9.2,0,0,1,0
2016,10,1бу 5,1009,33.5,19.5,11.5,10.5,24.5,28.6,20.9,31,19,78,55,7.5,0,0,0,9.7,0,0,1,0
2016,10,6бу10,1010.2,7.5,7.5,4,1.5,22.1,27,18.3,31,16,63,34,29.4,0,0,0,7.4,0,0,0,0
2016,10,11бу15,1015.3,0,0,0,0,17.3,22.9,13.3,25.1,10.7,60,27,27.4,0,0,0,7.4,0,0,0,0
2016,10,16бу20,1012,39.5,39,16,5.5,21.8,27,17.9,28.5,16,69,41,29.1,0,0,0,7.3,0,0,0,0
2016,10,21бу25,1009.6,5,5,3.5,2,17,20.7,12.7,22,10.4,63,31,14.3,0,0,0,7,0,0,0,0
2016,10,26бу31,1014,14,10.5,7,2,16.2,20.7,11.9,25.2,8.6,69,34,20.4,0,0,0,8.2,0,0,0,0
2016,11,1бу 5,1013.1,5.5,5.5,2,0.5,12.9,18.3,8.6,20.2,7.5,66,30,36.6,0,0,0,3.1,0,0,0,0
2016,11,6бу10,1015.5,7.5,6,4.5,2.5,11.3,14.9,8,18.1,6.3,71,46,15.8,0,0,0,7,0,0,0,0
2016,11,11бу15,1013.5,23,9.5,6,2.5,14.6,19.7,10.6,21.7,8.7,74,40,23,0,0,0,7,0,0,0,0
2016,11,16бу20,1013.7,6,6,3,1,13.6,18.2,9.5,21,5.8,71,35,23.1,0,0,0,6.5,0,0,0,0
2016,11,21бу25,1011.4,2,2,1,1,12.3,16.2,8.9,20.8,4.5,68,45,18,0,0,0,7.6,0,0,0,0
2016,11,26бу30,1016.9,38,30,4.5,1.5,10.3,13.3,7.2,16.1,4.8,75,38,14.9,0,0,0,7.8,0,0,0,0
2016,12,1бу 5,1015.4,9.5,8.5,3,1,11.5,16.2,7.5,17.5,5.1,73,39,26.5,0,0,0,8.1,0,0,0,0
2016,12,6бу10,1012,0,0,0,0,8.4,13,4.6,16,3.1,69,41,30.2,0,0,0,4.3,0,0,0,0
2016,12,11бу15,1012.1,31.5,28.5,6.5,1.5,6.8,10.3,3.8,11.9,2.3,74,46,13.1,0,0,0,9.2,0,0,0,0
2016,12,16бу20,1019.5,1,1,1,0.5,7,11.6,3.1,14.1,0.9,73,43,28.5,0,0,0,5.6,1,0,0,0
2016,12,21бу25,1015.1,24,19.5,7,2.5,9.7,14.6,5.8,17.5,4,73,41,22.3,0,0,0,6.6,0,0,0,0
2016,12,26бу31,1015.5,26,24.5,10.5,3,6.1,10.1,2.2,12.4,0.3,73,42,22.2,0,0,0,7.4,1,0,0,0
2017,1,1бу 5,1015.5,0,0,0,0,7,12.3,3.6,13.5,2.2,70,33,23,0,0,0,6.3,0,0,0,0
2017,1,6бу10,1010,21,20.5,5,2,6.8,10.7,3.7,13.7,0.4,69,34,23,0,0,0,7.4,0,0,0,0
2017,1,11бу15,1006.2,14,12,2.5,1,3.4,7.1,0.7,9.5,-2.7,67,35,22.9,18,14,14,6.7,3,0,0,0
2017,1,16бу20,1015.1,12,8.5,3,1,3.5,7.9,0.3,9.5,-0.6,76,42,24.6,2,2,11,7.2,3,0,0,0
2017,1,21бу25,1016.4,3,3,1,0.5,2.4,6.4,0,9,-1.3,73,46,17.9,0,0,0,7.2,5,0,0,0
2017,1,26бу31,1016.2,11,9,3,1,5.6,10.9,1,12.9,-1.8,70,28,30.9,0,0,0,6.9,1,0,0,0
2017,2,1бу 5,1012.6,14,14,4,1,5.3,9.7,1.9,13.6,-0.5,73,35,22.6,0,0,0,6.4,2,0,0,0
2017,2,6бу10,1005,9.5,5,2,0.5,3.9,6.7,1.7,9.5,-0.3,70,44,11.7,4,4,4,9.2,4,0,0,0
2017,2,11бу15,1017.5,0,0,0.5,0,3.1,8,0.3,9.8,-0.7,71,38,24.2,0,0,4,5.7,5,0,0,0
2017,2,16бу20,1010.9,7,5,3.5,1.5,7.1,12.7,2.9,15.2,0,68,28,21.3,0,0,0,7.1,1,0,0,0
2017,2,21бу25,1012.2,9.5,9,5,1.5,5.7,10.1,1.8,14,-0.3,66,28,17.8,0,0,0,7.4,1,0,0,0
2017,2,26бу28,1017.6,0,0,0,0,5.7,11,1.5,13.4,0.4,58,24,22,0,0,0,4.4,0,0,0,0
2017,3,1бу 5,1009.4,2.5,2,1,1,8.3,14.6,3.4,16.6,0.7,62,26,28.5,0,0,0,7.6,0,0,1,0
2017,3,6бу10,1004.4,0,0,0,0,6.1,10.9,2.2,14.1,0.1,61,29,21.9,0,0,0,5.1,1,0,0,0
2017,3,11бу15,1010.9,5,5,1.5,1,7.5,12.5,3.4,15.1,1.6,61,18,26.6,0,0,0,7,1,0,0,0
2017,3,16бу20,1015.7,0,0,0,0,8.6,14.8,3.2,18.1,2.1,55,13,31.5,0,0,0,5.7,0,0,0,0
2017,3,21бу25,1010.8,30.5,30.5,4.5,1,8.5,12.7,4.8,14,2.9,58,22,24.9,0,0,0,8.7,0,0,0,1
2017,3,26бу31,1012.3,18,11.5,4,1,9.6,15.1,5.2,20.8,2.5,63,25,26.2,0,0,0,7.1,0,0,0,0
2017,4,1бу 5,1013.2,1,1,0.5,0.5,11.5,18.5,5.8,21.3,3.3,53,21,43.6,0,0,0,4.8,0,0,0,0
2017,4,6бу10,1008.8,27,11.5,4,1.5,15.5,19,11.8,21.3,7.5,77,39,3.3,0,0,0,9.9,0,0,0,0
2017,4,11бу15,1006.4,24,22,4,1,13.8,19.1,8.8,24.1,4.2,63,20,26.8,0,0,0,5.8,0,0,1,0
2017,4,16бу20,1002.1,66.5,59.5,11.5,3.5,16.7,22.6,11.8,25.9,8.2,64,25,24.9,0,0,0,7.1,0,0,0,0
2017,4,21бу25,1010.7,0,0,0,0,15.7,21.8,10.3,24.3,7.2,52,21,39.2,0,0,0,5.2,0,0,0,0
2017,4,26бу30,1004.2,10.5,8.5,3,1.5,15.8,21.7,10.5,27.5,7.6,57,20,39.3,0,0,0,5.7,0,0,1,0
2017,5,1бу 5,1014.1,0,0,0,0,19,25.6,13.4,28.2,9.5,55,24,40.5,0,0,0,6.7,0,0,0,0
2017,5,6бу10,1006.8,8.5,5,2.5,0.5,19.6,25.2,15.1,28.4,13.7,57,13,22.8,0,0,0,7.8,0,0,0,0
2017,5,11бу15,1004.3,41.5,41,12,4,20.7,25.9,16.4,27.9,15.9,65,21,23,0,0,0,9.2,0,0,0,0
2017,5,16бу20,1007.4,0,0,0,0,20.4,27.2,13.8,31.7,12.4,44,19,48,0,0,0,3.3,0,0,0,0
2017,5,21бу25,1005.4,15,14,6.5,3,23,28.7,18.7,32.2,18.4,58,22,35.5,0,0,0,7.9,0,0,0,0
2017,5,26бу31,1003.5,1,1,0.5,0.5,22.5,29.1,16.9,32.2,14,55,25,56.2,0,0,0,5.3,0,0,1,0
2017,6,1бу 5,1000.4,17.5,17.5,11,5,20.1,26.1,14.6,30.2,12.8,54,24,46.8,0,0,0,5.1,0,0,1,0
2017,6,6бу10,1004.8,26,25.5,4.5,1,21.4,27.2,16.5,30.9,14.2,63,22,30.9,0,0,0,7.6,0,0,0,0
2017,6,11бу15,1004.2,0,0,0,0,20.9,27.1,15.4,30.4,13.7,49,14,45.2,0,0,0,6.8,0,0,0,0
2017,6,16бу20,1004.2,0,0,0,0,24.1,30.4,18.6,34,15.9,51,19,42.3,0,0,0,6.6,0,0,0,0
2017,6,21бу25,999.4,113.5,104.5,22,6.5,23.8,28.3,20,33.2,18.8,70,30,21.4,0,0,0,9.5,0,0,0,0
2017,6,26бу30,1005.4,48,39,11.5,8.5,24.8,29.4,21.4,29.7,19.9,71,44,9.6,0,0,0,10,0,0,1,0
2017,7,1бу 5,1003.7,87,28,20,13.5,27,31.7,24.2,33.3,22.7,78,49,12.3,0,0,0,9.8,0,0,1,0
2017,7,6бу10,1005,22,10,10,8.5,26.9,32.8,23,35.5,21.2,74,41,26.4,0,0,0,8.6,0,0,1,0
2017,7,11бу15,1005,0,0,0,0,29.8,34.6,26,35.8,25.1,65,38,33.6,0,0,0,8.3,0,0,0,0
2017,7,16бу20,1004.2,26,10.5,8.5,6,28.4,34,25.2,35.2,24.6,72,43,25.6,0,0,0,8.3,0,0,2,0
2017,7,21бу25,1001.6,8.5,8.5,6.5,3.5,29.1,33.2,26.4,35.4,25.9,70,44,11.3,0,0,0,8.8,0,0,1,0
2017,7,26бу31,1001.6,7,3.5,2.5,1.5,29,34.1,25.8,36.1,24.8,71,43,23.4,0,0,0,8.2,0,0,3,0
2017,8,1бу 5,1001.7,6,6,6,4,29.1,34.3,26.2,35.1,24.9,67,42,22.8,0,0,0,8.1,0,0,1,0
2017,8,6бу10,991.9,82.5,63.5,11.5,5.5,28.9,33.9,25.4,36.7,24.4,72,39,26.8,0,0,0,7.2,0,0,1,0
2017,8,11бу15,999.9,29.5,27.5,9,2.5,27.4,31.9,24.1,35.6,23.1,70,37,18.1,0,0,0,8.7,0,0,0,0
2017,8,16бу20,1002.9,10.5,10.5,10.5,5,28.7,34.5,24.5,35.4,24.4,69,39,32.1,0,0,0,6.9,0,0,1,0
2017,8,21бу25,1005.4,0,0,0,0,30.4,35,26.9,36.2,26.2,66,35,24.4,0,0,0,8.7,0,0,1,0
2017,8,26бу31,1004.6,1,1,1,1,27.9,32.3,23.9,35,21.9,61,28,38,0,0,0,6.9,0,0,0,0
2017,9,1бу 5,1004.7,7.5,7.5,2.5,1,24.6,29.8,20.6,30.7,19.2,56,29,37.9,0,0,0,6,0,0,0,0
2017,9,6бу10,1003.4,15,15,8,5.5,25.4,29.8,21.8,32.5,19.3,72,35,25.7,0,0,0,7.8,0,0,0,0
2017,9,11бу15,1008.5,69.5,69.5,36.5,10.5,24.3,29,20.7,32.1,17.9,67,37,20.9,0,0,0,8.8,0,0,1,0
2017,9,16бу20,1002.6,58.5,38,27.5,13.5,22.9,26.3,20,29.3,18.1,70,37,13.2,0,0,0,9.3,0,0,0,0
2017,9,21бу25,1008.4,2.5,2.5,1,0.5,22.4,27.4,18,30.4,16.8,65,24,28.6,0,0,0,6.3,0,0,0,0
2017,9,26бу30,1006.6,6,5.5,3,1.5,22.3,27.5,17.7,31,14.7,65,27,31.4,0,0,0,5.6,0,0,0,0
2017,10,1бу 5,1012.6,41,37,9.5,2,20,24.5,16.1,27.4,13.3,67,29,18.5,0,0,0,8.6,0,0,0,0
2017,10,6бу10,1014.6,44,36,11.5,3.5,21.8,26.4,18,30.5,15.4,75,45,24.8,0,0,0,5.8,0,0,0,0
2017,10,11бу15,1012.4,13,12.5,2,0.5,19.9,22.8,17.5,30,15.7,76,48,8.9,0,0,0,9.1,0,0,0,0
2017,10,16бу20,1014.1,58,24.5,4.5,1.5,15.7,18.2,13.5,20.8,11.4,85,43,3.9,0,0,0,10,0,1,0,0
2017,10,21бу25,1005.4,181.5,121,12,2.5,15.8,18.5,13.8,20,11.4,80,47,6.8,0,0,0,8.9,0,0,0,0
2017,10,26бу31,1012.1,59.5,46,10,4,15.5,20.1,11.7,23.6,7.3,71,32,34.2,0,0,0,5.6,0,0,0,0
2017,11,1бу 5,1014.6,0,0,0,0,13.8,20.5,8.9,22.7,6.8,66,28,39.7,0,0,0,3.6,0,0,0,0
2017,11,6бу10,1015.2,2.5,2.5,1,0.5,14.1,19.1,9.4,22.1,6.2,71,38,28.3,0,0,0,4.6,0,0,0,0
2017,11,11бу15,1010.7,24,18,6,1.5,11.8,16.3,8.2,18.8,5.3,72,38,20,0,0,0,6.8,0,0,0,0
2017,11,16бу20,1011.9,9.5,9.5,2.5,0.5,8.3,11.9,5.2,13.9,4,68,38,19.2,0,0,0,7.1,0,0,0,0
2017,11,21бу25,1015.1,7,5.5,2.5,1,7.9,12.8,3.7,13.8,2.8,67,34,28.7,0,0,0,5.8,0,0,0,0
2017,11,26бу30,1016.2,0,0,0,0,11.2,15.7,7.2,18,3.6,74,42,22.1,0,0,0,6.8,0,0,0,0
2017,12,1бу 5,1014,0.5,0.5,0.5,0.5,7.7,12.1,4.2,14.9,2.7,67,36,31.6,0,0,0,4.3,0,0,0,0
2017,12,6бу10,1011.5,1.5,1.5,1.5,1,5.5,10.7,1.2,12.7,0.2,69,36,24.9,0,0,0,5.8,0,0,0,0
2017,12,11бу15,1014.3,0.5,0.5,0.5,0.5,4.6,8.3,1.6,12,0.4,63,30,22.6,0,0,0,6.3,2,0,0,0
2017,12,16бу20,1017.1,0,0,0,0,4.8,9.8,1.1,11.5,-0.8,62,34,28.9,0,0,0,4.4,0,0,0,0
2017,12,21бу25,1015,29.5,29.5,9,2,6.2,11.7,1.9,13.6,0.1,72,33,28.2,0,0,0,5.3,0,0,0,0
2017,12,26бу31,1013.8,1.5,1,1,0.5,4.8,7.6,2.3,9.6,1.7,72,43,8.2,0,0,0,8.9,2,0,0,0
2018,1,1бу 5,1014,2,1.5,0.5,0.5,4.3,7.8,1.9,10.1,-0.3,72,38,18.9,0,0,0,7.8,2,0,0,0
2018,1,6бу10,1007.6,16,14,2,1,5,8.6,1.7,10.4,-0.3,77,34,15,0,0,0,7,1,0,0,0
2018,1,11бу15,1018.7,0.5,0.5,0.5,0.5,1.9,6.4,-1.6,10.3,-2.9,64,26,26.8,0,0,0,3.6,2,0,0,0
2018,1,16бу20,1012,16.5,16.5,3.5,1,8.2,12.9,4.5,14.8,1.3,75,39,17.7,0,0,0,7.9,0,0,0,0
2018,1,21бу25,1009.4,7.5,7,2.5,0.5,2.5,7,-0.5,11.5,-3.6,66,26,23.4,1,1,1,7,4,0,0,0
2018,1,26бу31,1012.6,0,0,0,0,2,6,-1.2,8.4,-1.9,65,36,30.2,0,0,0,7,5,0,0,0
2018,2,1бу 5,1013.2,3,3,1,0.5,2.8,6.3,0.2,8.6,-1.3,67,22,22.1,0,0,0,6.4,2,0,0,0
2018,2,6бу10,1014.3,19.5,19.5,3.5,1,2.2,7.2,-1.6,9.6,-3.3,57,22,33,0,0,0,4,0,0,0,0
2018,2,11бу15,1011.5,0,0,0.5,0,3.8,8.5,-0.3,13.4,-1.9,57,31,26.4,0,0,0,4.4,2,0,0,0
2018,2,16бу20,1012.4,0,0,0,0,4.8,10.1,0.5,12.8,-0.4,57,24,31.4,0,0,0,6.4,2,0,0,0
2018,2,21бу25,1016.1,0,0,0,0,6,11,1.6,13.9,0.8,58,19,28.8,0,0,0,7.4,0,0,0,0
2018,2,26бу28,1014.6,1,1,0.5,0.5,8.8,15.4,3,16.3,1.7,55,20,24.6,0,0,0,4.8,0,0,0,0
2018,3,1бу 5,1006.3,52,37.5,9,3.5,11.2,16.6,5.9,21.2,1.9,61,24,22.8,0,0,0,8,0,0,0,0
2018,3,6бу10,1015,40,35.5,10,4,7.6,11.9,4.1,13.2,1.5,62,32,23.2,0,0,0,7.4,0,0,0,0
2018,3,11бу15,1016.2,0,0,0,0,11.7,19.7,4.9,23.3,0.3,56,19,48.7,0,0,0,2.5,0,0,0,0
2018,3,16бу20,1014.3,27.5,13.5,3.5,1,10.2,15.3,5.8,18.7,3.5,67,30,17.2,0,0,0,7.7,0,0,0,1
2018,3,21бу25,1008.4,37.5,28.5,4.5,1.5,9.6,15.3,4.6,19.7,2.1,63,25,34.1,0,0,0,5.9,0,0,0,0
2018,3,26бу31,1014.1,0,0,0,0,14.6,22.5,7.9,25.5,4.5,48,14,66.6,0,0,0,1.6,0,0,0,0
2018,4,1бу 5,1011.9,0,0,0,0,17.3,24.3,11.4,27.3,9.9,59,25,36.2,0,0,0,4.5,0,0,0,0
2018,4,6бу10,1008.3,25,19,8.5,3,11.7,17.5,6.6,22.8,3.8,64,14,22.9,0,0,0,6.9,0,0,0,0
2018,4,11бу15,1008,51,27.5,9,4,15.5,20.6,11,23.5,7.6,59,19,23.2,0,0,0,8.2,0,0,0,0
2018,4,16бу20,1012.1,23.5,14.5,3,1,15.9,22.4,10.3,28.2,8.8,57,17,38.1,0,0,0,5.2,0,0,0,0
2018,4,21бу25,1008.7,61,44.5,14.5,3.5,19.3,24.9,14.1,29.5,12.5,58,18,34.4,0,0,0,6.7,0,0,0,0
2018,4,26бу30,1008.5,0.5,0.5,0.5,0.5,18.3,25.4,12.9,28.7,11.9,54,13,43.7,0,0,0,4.8,0,0,1,0
2018,5,1бу 5,1005.8,16,12.5,5,2,18.7,24.1,13.9,29.5,11.9,57,22,33.7,0,0,0,6.6,0,0,0,0
2018,5,6бу10,1007.3,62,40,16.5,7,16.5,20.9,13,27.7,10,68,21,18.2,0,0,0,8.1,0,0,0,0
2018,5,11бу15,1007.7,62.5,62.5,19.5,5.5,19.4,25.6,13.4,30.4,8,58,13,46.1,0,0,0,6.8,0,0,0,0
2018,5,16бу20,1005.8,8,7,4,1,21.5,27.2,17.2,30.5,13.4,62,32,24,0,0,0,8.7,0,0,1,0
2018,5,21бу25,1006,10.5,10.5,4,1.5,21.4,27.4,16.1,31.8,14.4,51,14,49.7,0,0,0,6.2,0,0,0,0
2018,5,26бу31,1005.1,28,20,13.5,7,22.3,26.6,18.4,29.9,16.3,62,24,18.8,0,0,0,8.6,0,0,1,0
2018,6,1бу 5,1008.4,3,3,3,1,22.7,28.7,16.9,31.3,14,55,18,48.1,0,0,0,5.2,0,0,0,0
2018,6,6бу10,1003.1,88,52.5,14,10,22.4,25.7,19.6,29.1,17.9,77,43,14.4,0,0,0,8.9,0,0,1,0
2018,6,11бу15,997.8,19,13.5,10,4.5,21,25.7,17.9,28.1,15.4,72,40,15,0,0,0,8.3,0,0,0,0
2018,6,16бу20,1002.8,46.5,44.5,15,8.5,22.2,26.6,18.5,28.6,14.8,70,39,25.7,0,0,0,8,0,0,0,0
2018,6,21бу25,1001.8,18.5,18,9.5,2,24.2,30.1,19.6,34.8,17.5,65,27,32.8,0,0,0,8.1,0,0,0,0
2018,6,26бу30,1004.7,34,29,15.5,6,27.7,32.7,23.9,34.6,21.7,70,44,20.1,0,0,0,9.6,0,0,2,0
2018,7,1бу 5,1003.3,189.5,171,37,11,27.5,31.6,24.4,34.9,22.2,74,42,13.9,0,0,0,8.4,0,0,1,0
2018,7,6бу10,1007.1,153,111,38,8.5,26.5,30.8,23.4,35.9,22.1,79,39,22.8,0,0,0,8.4,0,0,0,0
2018,7,11бу15,1006.4,0,0,0,0,30.3,35.9,25.4,38.7,24.1,59,36,42.6,0,0,0,7.2,0,0,0,0
2018,7,16бу20,1004.9,0,0,0,0,32.3,38.8,27.5,39.8,26.1,57,30,49.3,0,0,0,4.4,0,0,1,0
2018,7,21бу25,1002.8,0,0,0,0,32,38.2,27,38.7,25,56,31,56.4,0,0,0,4.4,0,0,0,0
2018,7,26бу31,998.1,26,25.5,16.5,4,30,35,26.8,37,25.3,62,34,34.2,0,0,0,7.9,0,0,0,0
2018,8,1бу 5,1000.4,0,0,0,0,31.3,38.2,25.8,39.5,25,55,30,41,0,0,0,2.5,0,0,0,0
2018,8,6бу10,997.7,0,0,0,0,29,33.9,25.8,36.1,23.8,65,41,21.3,0,0,0,7.6,0,0,0,0
2018,8,11бу15,1004.3,18.5,18,18,10.5,30.3,36.3,26.7,37.9,25.9,66,40,23.4,0,0,0,8,0,0,3,0
2018,8,16бу20,1004.9,7.5,7.5,2.5,2.5,26.5,31.5,22.3,32.7,18.6,58,24,42.9,0,0,0,7.6,0,0,0,0
2018,8,21бу25,1002.8,51,37.5,20.5,5,30.3,34.8,26.9,38,25.5,65,31,32.6,0,0,0,6.7,0,0,0,0
2018,8,26бу31,1006.6,35.5,35.5,16,13.5,29.6,35.2,25.6,36.6,24.2,66,38,38.7,0,0,0,6.4,0,0,3,0
2018,9,1бу 5,999.8,92,84,41.5,10,26.5,31,22.9,32.6,22.3,72,40,20.6,0,0,0,7.6,0,0,3,0
2018,9,6бу10,1005.5,117.5,40,23,8.5,24.5,27.5,22,29.9,21.2,82,47,3,0,0,0,9.7,0,0,1,0
2018,9,11бу15,1011.5,23.5,14.5,4,1.5,23.4,26.2,21.1,28,20.1,78,50,6.3,0,0,0,10,0,0,0,0
2018,9,16бу20,1007.7,38,38,12,3.5,24,28.2,20.8,31.1,18.6,68,21,20.6,0,0,0,7.9,0,0,0,0
2018,9,21бу25,1007.6,20.5,9.5,3,2.5,22.8,26.6,19.7,28.9,18.5,76,36,12.4,0,0,0,8.8,0,0,0,0
2018,9,26бу30,1005.6,99,43,13,3.5,20.5,24.7,17.3,28.2,15.4,77,34,14.7,0,0,0,8,0,0,0,0
2018,10,1бу 5,1010.9,1.5,1,1,0.5,21.2,25.4,17.1,27.6,14.5,63,34,26.1,0,0,0,7.1,0,0,0,0
2018,10,6бу10,1007.9,19.5,10,6.5,5,23,27.3,19.6,29.9,17.4,70,35,25,0,0,0,6.2,0,0,0,0
2018,10,11бу15,1013.2,1,0.5,0.5,0.5,18.3,22.4,15.2,24.5,12.6,68,36,15.2,0,0,0,9.6,0,0,0,0
2018,10,16бу20,1009.4,1.5,1.5,1,0.5,17.9,23,13.9,24.1,12,65,35,32.7,0,0,0,5.9,0,0,0,0
2018,10,21бу25,1013.7,5,4,3,1,16.9,22.5,12.1,24,10,66,19,34.6,0,0,0,3.8,0,0,0,0
2018,10,26бу31,1008.4,7,4,1.5,1,15.7,21.6,11.1,25.3,10.2,63,30,37.1,0,0,0,5.3,0,0,0,0
2018,11,1бу 5,1016.7,0,0,0,0,14.4,19.5,10.3,23.1,9.1,69,35,21.1,0,0,0,6.2,0,0,0,0
2018,11,6бу10,1014.6,20.5,10.5,6,2,17.8,22.6,13.9,23.9,11.5,69,24,29.3,0,0,0,6.6,0,0,0,0
2018,11,11бу15,1012.1,0,0,0,0,13.8,18.4,10.2,21.2,7.5,67,31,21.9,0,0,0,5.9,0,0,0,0
2018,11,16бу20,1013,0,0,0,0,13,17.3,8.8,19,7.4,67,34,24.3,0,0,0,6.6,0,0,0,0
2018,11,21бу25,1016.1,0,0,0,0,9.7,14.5,5.8,16.3,3.8,69,44,22.9,0,0,0,5.7,0,0,0,0
2018,11,26бу30,1016.1,2,2,1.5,0.5,12.2,17.4,8,19.1,6.1,72,40,24.4,0,0,0,5.8,0,0,0,0
2018,12,1бу 5,1016,8,5.5,5,4.5,14.2,18.6,10.3,22.7,6.7,73,40,18.5,0,0,0,7.9,0,0,1,0
2018,12,6бу10,1016.9,6.5,6.5,3,1,8,11.4,5.3,15.4,2.7,68,36,11.6,0,0,0,8.6,1,0,0,0
2018,12,11бу15,1018,14.5,10.5,3.5,1.5,6.6,10.2,3.4,12.7,1.3,75,41,17.2,0,0,0,7.7,0,0,0,0
2018,12,16бу20,1012.8,21,12,3,1,7.5,11.6,4,13.4,0.6,75,40,19.9,0,0,0,6.9,0,0,0,0
2018,12,21бу25,1014.4,10.5,8.5,4.5,1.5,9,13.3,4.9,14.8,1,76,38,26.5,0,0,0,6.3,0,0,0,0
2018,12,26бу31,1015.8,0,0,0,0,4.6,8,2,10.8,0,73,45,20.8,0,0,0,7.6,4,0,0,0
2019,1,1бу 5,1019.5,0,0,0,0,5.4,9.7,2,11.3,0.6,73,42,24,0,0,0,5.7,0,0,0,0
2019,1,6бу10,1016.2,2,2,1,0.5,4.6,8.2,1.2,11.9,-0.9,70,38,14.3,0,0,0,7.6,1,0,0,0
2019,1,11бу15,1014.9,1,1,0.5,0.5,5.4,10,2.3,12.1,1.8,73,37,16.9,0,0,0,7.1,0,0,0,0
2019,1,16бу20,1012.3,2,2,0.5,0.5,5.8,10,2.6,11.9,0.7,72,36,24.2,0,0,0,6.5,0,0,0,0
2019,1,21бу25,1010.5,0,0,0,0,5.7,9.6,2.4,12,1,64,39,19.4,0,0,0,6.8,1,0,0,0
2019,1,26бу31,1012.9,20,13.5,3.5,1,4,8,1.1,11.7,-0.2,73,22,22,7,5,7,8.4,3,0,0,0
2019,2,1бу 5,1013.5,6.5,6,1.5,0.5,6.4,11.3,2.3,12.9,0.2,71,37,27.9,0,0,0,5.4,1,0,0,0
2019,2,6бу10,1012.8,2,2,1,0.5,6.3,10.1,3.7,14.2,1.3,69,45,11.1,0,0,0,9,3,0,0,0
2019,2,11бу15,1019.8,0.5,0.5,0.5,0.5,4.5,7.7,1.9,11.3,-0.4,68,38,12.1,0,0,0,8.4,2,0,0,0
2019,2,16бу20,1013.3,13.5,13,2.5,1,7.5,12,4.1,15.7,0,71,36,18.8,0,0,0,7.4,0,0,0,0
2019,2,21бу25,1013.7,0,0,0,0,8.5,13.6,4.5,18,2.1,57,22,26.6,0,0,0,8.1,0,0,0,0
2019,2,26бу28,1012.9,18.5,18.5,3.5,1,9.1,13,5.4,13.7,2.8,61,18,13.2,0,0,0,6,0,0,0,0
2019,3,1бу 5,1009.1,13.5,11.5,3,1,9.4,13.9,5.6,16.7,3.2,62,21,26.1,0,0,0,6.8,0,0,0,0
2019,3,6бу10,1011.3,29,15.5,3.5,1.5,8.9,13.8,4.4,16.5,0.9,66,23,22.2,0,0,0,7.7,0,0,0,0
2019,3,11бу15,1007.2,13,10.5,5,1.5,8.3,13.6,3.6,16.4,1.2,65,17,22.3,0,0,0,5.7,0,0,0,0
2019,3,16бу20,1012.3,6,4,2.5,1.5,9.1,15.1,4.2,21.2,1.2,65,14,25.8,0,0,0,6.4,0,0,0,0
2019,3,21бу25,1008.3,1,1,1,0.5,10.1,15.1,5.5,20.4,2.8,58,26,13.9,0,0,0,8.5,0,0,0,1
2019,3,26бу31,1007.2,6,5.5,2,0.5,11.6,16.7,6.8,19.9,5.8,57,23,34.7,0,0,0,7.6,0,0,0,0
2019,4,1бу 5,1010.7,3.5,2,2,1.5,8.7,14.6,3.4,21.1,2.2,58,18,43.2,0,0,0,5,1,0,0,0
2019,4,6бу10,1004.9,40.5,29.5,5.5,2,13,18.4,8.2,23.9,5.9,55,18,39.1,0,0,0,5.7,0,0,0,0
2019,4,11бу15,1010.2,14.5,14,4,1,11.8,16.7,7.6,19.5,5.5,57,15,31,0,0,0,7.4,0,0,0,0
2019,4,16бу20,1009.1,0,0,0,0,15.6,23.2,9.1,24.9,5.3,53,8,40.4,0,0,0,5.9,0,0,0,0
2019,4,21бу25,1006.4,3,3,1,1,19.7,25.1,15.2,26.8,12.1,66,31,23,0,0,0,8.4,0,0,0,0
2019,4,26бу30,1007.9,45.5,28.5,9,2,14.3,19.2,9.9,24.2,5.9,65,28,14.3,0,0,0,8.6,0,0,0,0
2019,5,1бу 5,1006.9,5,5,1.5,0.5,18.7,25.1,13.5,28.4,11.9,53,7,38.8,0,0,0,6.8,0,0,0,0
2019,5,6бу10,1007.1,9,9,8,2,17,24,10.8,27.5,6.5,45,11,47,0,0,0,6.7,0,0,1,0
2019,5,11бу15,1008.9,0,0,0,0,21.4,28.3,15.8,30.5,14.4,48,15,44.1,0,0,0,7.3,0,0,0,0
2019,5,16бу20,1010,10,10,6.5,2,21.6,25.7,18.2,28.4,16.8,57,28,20.9,0,0,0,8.1,0,0,0,0
2019,5,21бу25,1003.7,39,39,14.5,3,22.6,30.3,15.1,34.2,12.4,39,13,59.4,0,0,0,3.5,0,0,0,0
2019,5,26бу31,1005.9,21.5,21.5,4.5,2,22.4,28.2,17.4,33.5,12.4,54,17,37.1,0,0,0,8.4,0,0,0,0
2019,6,1бу 5,1004,0,0,0,0,24,29.2,19.6,31.7,17.1,58,30,27.5,0,0,0,8.9,0,0,0,0
2019,6,6бу10,1000,28,26,10.5,2,22.3,26.4,19.1,31.5,17.2,68,29,16.1,0,0,0,9.6,0,0,0,0
2019,6,11бу15,999.5,19,15,3,2,22,26.8,18.2,30.8,17,68,30,21.3,0,0,0,7.2,0,0,2,0
2019,6,16бу20,1001.7,0,0,0,0,23,28.6,18.2,33.2,16.9,59,23,40.5,0,0,0,8,0,0,0,0
2019,6,21бу25,1002.6,21,17.5,17.5,12,24.1,30.6,19.8,33,18.2,61,24,34,0,0,0,7,0,0,1,0
2019,6,26бу30,999.1,72.5,30,9,4,26.2,30.3,23.1,32.5,20.7,77,33,10.9,0,0,0,10,0,0,0,0
2019,7,1бу 5,1000.4,24,8,6.5,2.5,25,28.5,22.5,30.7,21.2,79,54,6,0,0,0,9.8,0,0,0,0
2019,7,6бу10,1000.1,1,1,1,1,25.2,29.2,22.3,31.6,20.7,69,41,15.2,0,0,0,9.3,0,0,0,0
2019,7,11бу15,999.4,71.5,41.5,16,3.5,23.6,27.4,21,31.2,20.4,84,48,3.9,0,0,0,9.9,0,0,0,0
2019,7,16бу20,1006.7,49.5,26.5,13,11,26.3,30.7,23,33.8,20.8,80,43,12.8,0,0,0,9.5,0,0,1,0
2019,7,21бу25,1002.9,49,27,19.5,11,27.7,33.4,24.5,35.6,24.1,80,42,15.3,0,0,0,9.4,0,0,3,0
2019,7,26бу31,1005,18.5,18.5,8,2.5,29.7,35,26,36.8,24.4,70,42,36.3,0,0,0,6.7,0,0,1,0
2019,8,1бу 5,1005.2,4.5,4.5,4.5,3,31.5,37.2,27.4,38.2,26.7,61,32,49.3,0,0,0,3.3,0,0,1,0
2019,8,6бу10,1003.4,0,0,0,0,31.4,37.2,27.3,38.6,26.5,60,33,42.3,0,0,0,7,0,0,1,0
2019,8,11бу15,995.6,66.5,66,19,5,30.9,35.5,27.8,37.7,26.1,65,34,28.8,0,0,0,7.7,0,0,0,0
2019,8,16бу20,999.4,127,52.5,47.5,26.5,29.4,34.4,25.7,36.7,24.8,73,39,26.1,0,0,0,8,0,0,1,0
2019,8,21бу25,1003.7,57.5,39,15,9.5,27.5,32.4,24.4,35.4,22.9,75,38,18.7,0,0,0,9.4,0,0,0,0
2019,8,26бу31,1005,99.5,63.5,37,11.5,25.7,30.2,22.5,32.8,21.2,80,39,16.7,0,0,0,8.6,0,0,1,0
2019,9,1бу 5,1010.6,27.5,27,27,12.5,27.5,32.7,23.8,35.1,22.7,74,43,18.3,0,0,0,9.3,0,0,1,0
2019,9,6бу10,1006.2,1,1,1,1,30,35.5,26.5,36.9,26.1,66,40,41.2,0,0,0,5.7,0,0,1,0
2019,9,11бу15,1006.1,34.5,28.5,15.5,5.5,26.1,31,22.8,33.8,21.2,67,33,29.9,0,0,0,6.6,0,0,1,0
2019,9,16бу20,1005.2,3.5,3.5,1.5,0.5,24.3,29.4,20.5,31.6,15.9,63,32,38.4,0,0,0,5.9,0,0,0,0
2019,9,21бу25,1009,18,9.5,6,2.5,23.4,27.2,20.5,30.7,17.3,71,36,15.5,0,0,0,8.5,0,0,0,0
2019,9,26бу30,1014.2,0,0,0,0,26,30.5,22.6,32.3,18.6,67,44,18.6,0,0,0,8.5,0,0,0,0
2019,10,1бу 5,1008.1,34.5,18,17.5,12,24.7,29.6,21.8,33.6,19.9,69,37,22.4,0,0,0,8.6,0,0,3,0
2019,10,6бу10,1010.6,2,2,1,0.5,20.8,25.4,16.2,27.1,14.6,65,25,32.2,0,0,0,5.1,0,0,0,0
2019,10,11бу15,1006.8,71,65.5,11,3,20.2,23.1,17.1,28.7,13.3,76,44,7.3,0,0,0,8.2,0,0,0,0
2019,10,16бу20,1014.5,26,14,5.5,4,18.7,23,15.2,24.7,11.1,76,38,16.5,0,0,0,7.6,0,0,0,0
2019,10,21бу25,1008.7,72.5,29.5,5.5,2.5,18.9,22.5,16,25.1,14.8,79,47,9.9,0,0,0,9,0,0,0,0
2019,10,26бу31,1010.6,9,8,2,0.5,17.1,22.2,13.9,24.2,12.4,75,30,33.2,0,0,0,6.8,0,0,0,0
2019,11,1бу 5,1012.1,1,1,1,1,15.1,20.3,10.7,23.4,9.5,65,30,40.4,0,0,0,4.4,0,0,0,0
2019,11,6бу10,1010,0,0,0,0,13.7,19.8,8.7,20.7,7.1,63,30,42.8,0,0,0,3.3,0,0,0,0
2019,11,11бу15,1010.3,8.5,3.5,2.5,2.5,13.2,18.2,8.7,20.7,5.6,68,30,32.7,0,0,0,4.8,0,0,1,0
2019,11,16бу20,1014.1,13.5,13.5,6.5,3,12.5,17.7,8.2,21.2,5.5,67,35,30.8,0,0,0,5.3,0,0,0,0
2019,11,21бу25,1018.2,0,0,0,0,13.4,17.9,9.7,21.8,6.7,73,45,20.1,0,0,0,6.3,0,0,0,0
2019,11,26бу30,1019.3,2.5,2.5,1,0.5,9.8,13.5,7.2,16.2,3.8,70,33,14.3,0,0,0,8.1,0,0,0,0
2019,12,1бу 5,1015.5,12.5,12.5,4.5,2.5,8.8,13.3,5,16.1,2.5,70,45,18.3,0,0,0,6.2,0,0,0,0
2019,12,6бу10,1018.8,0,0,0,0,7.1,11.6,3.7,15,1.9,71,39,22.3,0,0,0,5.7,0,0,0,0
2019,12,11бу15,1017.1,0,0,0,0,8.2,12.7,4.1,15.4,3,69,41,22.7,0,0,0,6.3,0,0,0,0
2019,12,16бу20,1014,12.5,9,3,2,10,13.3,6.8,15,2.3,76,38,18.3,0,0,0,7.8,0,0,0,0
2019,12,21бу25,1015.6,5,5,2,0.5,7.7,11.9,4.1,14.4,2.2,74,40,20.5,0,0,0,7.8,0,0,0,0
2019,12,26бу31,1014,17.5,9.5,3,1,8.2,11.3,4.7,12.1,2.2,77,36,15.2,0,0,0,8.6,0,0,0,0
2020,1,1бу 5,1016.8,3,2,1,0.5,6.3,10.7,2.7,12.3,1.2,70,39,17.7,0,0,0,6.6,0,0,0,0
2020,1,6бу10,1011.8,24.5,17.5,10.5,3.5,8,11.6,4.9,16.8,1.3,75,45,14.9,0,0,0,7.7,0,0,0,0
2020,1,11бу15,1011.1,1,0.5,0.5,0.5,6.6,10.5,3.3,12.6,1.5,71,38,20,0,0,0,6.9,0,0,0,0
2020,1,16бу20,1011.5,0,0,0,0,6.9,10.8,3.1,12.7,1.5,66,35,19.1,0,0,0,7.5,0,0,0,0
2020,1,21бу25,1019.2,27,27,6,1.5,8.1,11.1,5.1,13.6,1.5,71,40,10,0,0,0,9.1,0,0,0,0
2020,1,26бу31,1007,8.5,4,2,1,9,12.2,6.3,14.9,3.8,66,27,13.7,0,0,0,8.5,1,0,0,0
2020,2,1бу 5,1015.3,0,0,0,0,6.1,11.4,2.1,12.7,1.2,60,28,28.7,0,0,0,6.6,1,0,0,0
2020,2,6бу10,1016.6,0.5,0.5,0.5,0.5,3.2,7,0.1,9.2,-1.1,68,38,25.2,0,0,0,7.366666667,4,0,0,0
2020,2,11бу15,1016.3,8.5,7,2.5,1,9.4,15,5.5,21.3,1.8,75,32,14.4,0,0,0,7.383333333,1,0,0,0
2020,2,16бу20,1012.5,20.5,20,3.5,2,7.5,11.7,3.9,14.2,0.1,68,35,20.8,1,1,1,6.933333333,2,0,0,0
2020,2,21бу25,1018.7,15,11,6,1.5,8,12.7,3.7,15.6,1.2,68,25,26.1,0,0,0,6.941666667,0,0,0,0
2020,2,26бу29,1014.4,11,7,2,1,7.1,10,4.6,12.8,2.8,72,43,9.7,0,0,0,7.475,2,0,0,0
2020,3,1бу 5,1011.9,12,9,2.5,0.5,9.1,13.5,6.4,18.1,4.3,67,36,22.9,0,0,0,7.475,1,0,0,0
2020,3,6бу10,1008.6,29.5,19.5,4.5,1,10.8,15.9,6.2,20.7,1.7,65,20,25.5,0,0,0,7.433333333,1,0,0,0
2020,3,11бу15,1007.4,6.5,4.5,1.5,1,9.4,14.4,5.1,18.1,3.4,62,20,30.6,0,0,0,5.5,0,0,0,0
2020,3,16бу20,1007.3,5,5,2.5,1,10.3,16.3,4.6,23.1,0.1,59,24,40.6,0,0,0,6.691666667,0,0,0,1
2020,3,21бу25,1010.1,0,0,0,0,11.3,17.9,6.1,21,2.8,50,16,41.7,0,0,0,6.841666667,0,0,0,0
2020,3,26бу31,1012.1,39,18,3.5,1,12.4,16.6,8.4,23.1,5.3,70,21,15.9,0,0,0,5.991666667,0,0,0,0
2020,4,1бу 5,1009.1,28.5,28,9,2.5,11.9,16.9,7.2,22.1,4.3,58,12,28,0,0,0,6.516666667,0,0,0,0
2020,4,6бу10,1011.6,0,0,0,0,11.9,18.3,6.5,22.1,4.9,45,17,49.4,0,0,0,6.666666667,0,0,0,0
2020,4,11бу15,1003.8,38.5,21.5,5.5,1.5,11.1,15.6,7,20.7,5.2,64,21,26.1,0,0,0,6.758333333,0,0,1,0
2020,4,16бу20,1008,53,27,7,2.5,14.5,19.2,10.4,21.3,7.5,69,31,20,0,0,0,6.941666667,0,0,1,0
2020,4,21бу25,1006.9,1.5,1.5,1.5,1,12,17.4,7.2,21.3,4.3,57,14,27.6,0,0,0,7.116666667,0,0,0,0
2020,4,26бу30,1012.1,0,0,0,0,16.1,22.6,9.9,26.7,7.5,45,17,47,0,0,0,6.025,0,0,0,0
2020,5,1бу 5,1006.3,1.5,1.5,1.5,0.5,21.1,27.2,16.3,30.1,14.8,60,24,34.9,0,0,0,6.541666667,0,0,0,0
2020,5,6бу10,1008.3,6,4,2.5,1,18.7,24.3,14.3,25.9,11,60,21,24.8,0,0,0,7.2,0,0,1,0
2020,5,11бу15,1005.8,3,2.5,1,0.5,21.1,27.9,14.8,30.4,11.6,46,18,41.4,0,0,0,7.383333333,0,0,0,0
2020,5,16бу20,999.1,93,42,14,4.5,19.3,23.7,16.1,26.6,15.5,78,22,10.1,0,0,0,6.966666667,0,0,1,0
2020,5,21бу25,1006.8,2,2,1,0.5,21.5,26.8,17.4,28.9,12.9,65,37,22.1,0,0,0,6.933333333,0,0,0,0
2020,5,26бу31,1006,8.5,6,4.5,2.5,21.4,27.1,16.6,30.2,14.4,56,20,36.8,0,0,0,7.741666667,0,0,2,0
2020,6,1бу 5,1001.2,0,0,0,0,25,30.8,20.1,33,19.5,58,29,36,0,0,0,7.508333333,0,0,0,0
2020,6,6бу10,1007.4,0.5,0.5,0.5,0.5,24.9,30.6,19.6,33.2,15.7,54,12,39.7,0,0,0,8.433333333,0,0,0,0
2020,6,11бу15,999.9,102.5,54,11,3.5,25,28.3,23.1,32.3,22.8,89,36,6.8,0,0,0,7.958333333,0,0,2,0
2020,6,16бу20,999.4,82.5,63,19.5,5,22.3,26.8,18.8,31.3,18.1,66,20,23.8,0,0,0,8.65,0,0,1,0
2020,6,21бу25,1002.8,2,2,2,1.5,25.4,30,21.1,32.8,16.9,62,31,28.8,0,0,0,8.95,0,0,0,0
2020,6,26бу30,998.6,63,52,16,4,25.8,29.9,22,32.6,19.2,72,37,16.8,0,0,0,9.116666667,0,0,1,0
2020,7,1бу 5,1001.3,97,55.5,19,6.5,24.3,27.8,21.4,31.6,20.1,76,48,9.2,0,0,0,9.175,0,0,0,0
2020,7,6бу10,1001.6,224,91.5,43.5,20.5,25.2,28.2,23.1,29.6,22,86,54,1.5,0,0,0,8.625,0,0,2,0
2020,7,11бу15,999.7,91,41.5,27,13.5,23.8,26.5,21.9,30,20.2,82,55,3.7,0,0,0,8.375,0,0,2,0
2020,7,16бу20,1003,3.5,2.5,1,0.5,26.9,31.6,23,35.6,21.3,71,39,24.4,0,0,0,7.541666667,0,0,0,0
2020,7,21бу25,1003.6,78,49,14.5,6,26.7,30.6,24,36.1,23.4,77,47,13.8,0,0,0,7.6,0,0,4,0
2020,7,26бу31,1007.1,58.5,41.5,29.5,10,27.1,31.7,24.4,34.7,22.9,82,43,11,0,0,0,7.741666667,0,0,4,0
2020,8,1бу 5,1007.6,2,2,2,1.5,29.6,35.1,25.1,36.5,23.5,64,36,37,0,0,0,6.375,0,0,1,0
2020,8,6бу10,1005.4,0,0,0,0,30.5,35.3,27.1,37.2,25.7,62,24,29.2,0,0,0,7.308333333,0,0,2,0
2020,8,11бу15,1005.7,12.5,10,5,4,30.9,36.8,27,38.3,25.9,67,38,33.9,0,0,0,7.233333333,0,0,2,0
2020,8,16бу20,1005.1,0,0,0,0,31.7,37.9,26.4,38.7,24.6,58,27,55.3,0,0,0,6.966666667,0,0,0,0
2020,8,21бу25,1003.3,12.5,12.5,12.5,6,30.4,36.8,25.7,38.8,24.1,63,37,44.1,0,0,0,7.833333333,0,0,3,0
2020,8,26бу31,1004.3,18.5,8.5,6.5,3.5,30.3,35.6,27,37,25.7,67,39,37.1,0,0,0,7.55,0,0,5,0
2020,9,1бу 5,1004.7,5.5,3.5,2.5,1.5,29.5,34.5,26.5,36.6,25.4,69,38,26.4,0,0,0,8.2,0,0,3,0
2020,9,6бу10,1005.2,34,16.5,11.5,4,27.2,31.6,24,34.6,22.5,69,27,17.2,0,0,0,6.766666667,0,0,1,0
2020,9,11бу15,1006.5,9.5,6,5,2,25.7,30.6,22,32.7,18.4,71,36,29.3,0,0,0,7.358333333,0,0,1,0
2020,9,16бу20,1006.5,1,1,1,1,25.2,29.7,21.7,30.9,20.2,66,34,13.5,0,0,0,7.15,0,0,2,0
2020,9,21бу25,1005.6,61.5,60,13.5,3.5,23.6,27.9,20.4,30.8,17.6,67,31,21.1,0,0,0,7.283333333,0,0,0,0
2020,9,26бу30,1004,2.5,2,2,2,21.5,26.1,17.9,26.8,17,71,45,23.2,0,0,0,7.275,0,0,1,0
2020,10,1бу 5,1007.2,8.5,8.5,6,1.5,21.9,26.3,17.8,28.6,16,68,30,26.4,0,0,0,7.758333333,0,0,1,0
2020,10,6бу10,1012.5,97.5,34.5,6.5,3,18.7,22.4,16,25.5,14.2,76,36,8.6,0,0,0,6.208333333,0,0,0,0
2020,10,11бу15,1009.2,0,0,0,0,20.9,26.2,17.1,28.6,15.8,64,33,39.2,0,0,0,7.05,0,0,0,0
2020,10,16бу20,1015.9,26,26,4.5,1.5,15.3,20.2,12.1,24.4,9.8,75,30,17.8,0,0,0,5.958333333,0,0,0,0
2020,10,21бу25,1008.2,39.5,35.5,5,1.5,16.7,21.1,12.7,23.3,9,67,32,26,0,0,0,6.841666667,0,0,0,0
2020,10,26бу31,1014.7,0,0,0,0,14.6,20.7,10.1,22.7,8.1,64,28,46,0,0,0,6.366666667,0,0,0,0
2020,11,1бу 5,1014,27,26,4.5,1,13.9,18.5,9.6,20.7,6.3,65,31,28.8,0,0,0,5.541666667,0,0,0,0
2020,11,6бу10,1013.6,10.5,10.5,7.5,3.5,13.8,18.3,10.7,21.4,8,73,39,19.6,0,0,0,6.683333333,0,1,0,0
2020,11,11бу15,1022.1,0,0,0,0,12.7,18.8,8.1,22.2,5.9,69,36,30.9,0,0,0,6.616666667,0,0,0,0
2020,11,16бу20,1014.8,2.5,2.5,2,1,17.8,23.6,12.7,26.9,10.1,71,36,35,0,0,0,6.675,0,0,0,0
2020,11,21бу25,1015.1,1,1,0.5,0.5,12.4,16.5,8.1,18.5,7.1,69,44,24,0,0,0,6.516666667,0,0,0,0
2020,11,26бу30,1015.9,0,0,0,0,11.2,15.9,7.1,18.2,5.7,68,41,27.4,0,0,0,6.375,0,0,0,0
2020,12,1бу 5,1018.4,0,0,0,0,9.5,14.9,5.4,16,4.3,68,32,38.4,0,0,0,5.608333333,0,0,0,0
2020,12,6бу10,1016.4,0,0,0,0,9.3,14.9,4.9,16.2,4.2,69,40,35.2,0,0,0,6.008333333,0,0,0,0
2020,12,11бу15,1008.8,0,0,0,0,8.3,11.9,5.5,16.5,2.2,68,41,13.5,0,0,0,6.525,1,0,0,0
2020,12,16бу20,1015.8,0,0,0,0,4.2,8.2,1.2,10.4,0.2,68,37,32.3,1,1,1,6.366666667,4,0,0,0
2020,12,21бу25,1014.7,1.5,1.5,1.5,0.5,5.7,10.6,2,12.3,0.4,71,38,23.2,0,0,0,6.508333333,2,0,0,0
2020,12,26бу31,1011.3,21.5,15,5.5,1.5,6.3,10.9,2.5,13.7,0.3,72,27,31.1,1,1,1,6.75,3,0,0,0
