year,month,day,atm(hPa),Rav(mm),Rmax_day(mm),Rmax_hr(mm),Rmax_10min(mm),Tav(¢J),Tav_max(¢J),Tav_min(¢J),T_max(¢J),T_min(¢J),Hav(¢H),H_min(¢H),sun (h),sunshine (MJ/¢T),snow(cm),snow_max(cm),snow_depth(cm),cloud,snow_day,fog_day,thunder_day,Label
2008,1,1 to  5,1009.2,0,0,0,0,6.2,10.7,2.2,12.1,1.1,42,16,37.8,10.4,0,0,0,1.6,0,0,0,0
2008,1,6 to 10,1011.4,0,0,0,0,9,12.9,4.7,13.9,2,58,29,30,8.4,0,0,0,3.8,0,0,0,0
2008,1,11 to 15,1015.4,6,6,2,0.5,6.1,9.1,3.3,13,1.9,45,23,15.5,6,0,0,0,7.4,0,0,0,0
2008,1,16 to 20,1020.2,0,0,0,0,4.6,8,2,9.8,1.2,37,18,26.5,9.3,0,0,0,8,2,0,0,0
2008,1,21 to 25,1012.9,10.5,10.5,2,0.5,4.1,6.9,1.7,8.9,0.8,47,19,22.1,7.9,0,0,0,6.7,1,0,0,0
2008,1,26 to 31,1011.6,1,1,0.5,0.5,5.4,8.8,2.3,12.2,0.8,41,18,32.9,9.7,0,0,0,5.3,0,0,0,0
2008,2,1 to  5,1012.2,23,23,2.5,0.5,4.3,7.8,1.3,9.4,-0.1,52,19,27,9.7,3,3,3,5.1,2,0,0,0
2008,2,6 to 10,1011.9,16.5,11.5,4,1,4.3,8,1.3,10.8,0.5,50,17,21.7,10.6,1,1,1,6.5,4,0,0,0
2008,2,11 to 15,1008.2,6.5,6.5,2,0.5,5.4,8.9,2.1,10.4,0,40,12,39.9,13.5,0,0,0,4.4,0,0,0,0
2008,2,16 to 20,1016.8,0,0,0,0,5.3,9.3,1.7,11.2,1,34,15,45.6,15.7,0,0,0,1.9,0,0,0,0
2008,2,21 to 25,1011.1,0,0,0,0,6.8,12.1,2.2,17,0.7,34,15,48.5,16.5,0,0,0,3.3,0,0,0,0
2008,2,26 to 29,1004.4,11,10.5,9.5,2.5,7.4,11.9,3,14.2,2.9,37,14,32.1,16.1,0,0,0,5,0,0,0,0
2008,3,1 to  5,1006.5,0.5,0.5,0.5,0.5,8.2,12.5,4.8,14.4,3.6,39,15,33.9,14.5,0,0,0,4.5,0,0,0,0
2008,3,6 to 10,1015,8,4,4,2.5,8.6,13.1,4.1,15.6,2.8,43,13,37.8,15.5,0,0,0,3.8,0,0,1,0
2008,3,11 to 15,1016.9,37.5,34.5,10,3.5,12.1,16.3,8.2,19.4,5.8,59,20,38.6,15.8,0,0,0,4.4,0,0,1,0
2008,3,16 to 20,1012.1,38,29.5,4,1,12.3,15.5,9.9,19.1,7.8,63,37,16.4,10.7,0,0,0,8.6,0,0,0,0
2008,3,21 to 25,1010,8.5,8,5,1.5,11.4,15.9,7.7,18.1,7.1,55,17,29.4,14.7,0,0,0,6.1,0,0,0,1
2008,3,26 to 31,1006.2,27,19.5,5,2,11.3,15.7,8.1,20.4,5.7,53,21,31.1,14,0,0,0,6.7,0,0,0,3
2008,4,1 to  5,1006.7,0,0,0,0,13.3,18,9,19.6,6.5,40,12,43,20.9,0,0,0,4.8,0,0,0,4
2008,4,6 to 10,1009.1,109.5,75.5,14,4,12.7,15.4,10.3,19.3,9.3,65,19,15.9,9.9,0,0,0,8.6,0,0,1,0
2008,4,11 to 15,1009.9,13,5.5,4.5,1.5,13.9,18.3,10.3,20.7,9,65,20,28.2,15.3,0,0,0,6.2,0,0,0,0
2008,4,16 to 20,1010.2,108,91.5,14,4,15.6,18.1,13,21,11.7,67,37,4.3,8.5,0,0,0,9.5,0,0,0,0
2008,4,21 to 25,1010.4,8,8,6,2,16.4,20.4,13.1,21.6,11.9,54,9,27,17.1,0,0,0,7.8,0,0,0,0
2008,4,26 to 30,1011.3,1.5,1,1,0.5,16.4,20.4,12.9,25.8,11.2,63,33,31.6,18.2,0,0,0,6.4,0,0,0,0
2008,5,1 to  5,1007.2,21.5,17,3,1,19.3,22,16.9,24.3,15.7,75,41,9,10.2,0,0,0,9.5,0,0,0,0
2008,5,6 to 10,1006.9,11,11,2,0.5,18.7,23.2,15.1,26.5,10.6,44,10,32.1,18.9,0,0,0,8.1,0,0,0,0
2008,5,11 to 15,1013,52,28.5,8,2,13.2,15.9,10.6,21.9,9.2,71,39,11.5,10.7,0,0,0,9.3,0,0,0,0
2008,5,16 to 20,1007.5,94,91.5,27,5.5,19.3,23.3,15.8,24.1,14.5,67,32,25.1,17.3,0,0,0,7.8,0,0,0,0
2008,5,21 to 25,1006.8,31.5,16,5.5,3,21.7,26,18,29,15.9,64,29,34.4,19.4,0,0,0,7.6,0,0,0,0
2008,5,26 to 31,1005.6,45,27.5,5.5,1.5,18.6,21.9,16,28.8,12.5,71,15,24.8,13.2,0,0,0,8.5,0,0,0,0
2008,6,1 to  5,1011.5,40.5,35,4.5,1,18.1,21.1,15,23.5,13.4,75,37,13,11.3,0,0,0,9.4,0,0,0,0
2008,6,6 to 10,1005.9,7.5,7.5,3.5,1.5,22.2,25.6,19,27.6,17.5,71,41,25.9,16,0,0,0,8.2,0,0,1,0
2008,6,11 to 15,1005.6,27.5,27.5,8,4,21.5,25.7,18.1,29.1,15.1,64,29,34.4,18.9,0,0,0,7.3,0,0,0,0
2008,6,16 to 20,1009.8,0,0,0,0,22.8,26.1,20.2,27.6,19.1,70,44,10.9,13.4,0,0,0,9,0,0,0,0
2008,6,21 to 25,998.7,101.5,69,9.5,5,22.2,25.4,19.4,27.7,18.3,78,56,12,11,0,0,0,9.3,0,0,0,0
2008,6,26 to 30,1005.3,48.5,38.5,5,1.5,20.9,23.5,18.6,26.1,15.9,75,47,10.7,10.4,0,0,0,9.6,0,0,0,0
2008,7,1 to  5,1006.4,16,16,7.5,2.5,24.8,28.5,22,31.6,18.6,73,55,34.2,20.4,0,0,0,8.5,0,0,1,0
2008,7,6 to 10,1007.2,16,15,9.5,4,25,27.6,23.3,30.7,22.1,75,55,8.2,10.5,0,0,0,9.8,0,0,1,0
2008,7,11 to 15,1003.3,3,3,3,3,27.8,32,24.7,33.8,23.5,68,47,35,20.8,0,0,0,8.4,0,0,2,0
2008,7,16 to 20,1003.2,1.5,1,0.5,0.5,28,32.3,25.2,33.8,23.5,71,43,29.7,18.5,0,0,0,7.1,0,0,1,0
2008,7,21 to 25,1003.5,0,0,0,0,28.6,32.5,25.9,34.5,24.6,72,55,33.6,20.2,0,0,0,8.9,0,0,0,0
2008,7,26 to 31,1006.6,11.5,11.5,11.5,4.5,27.7,32.2,24.2,33.4,22.9,67,34,27.7,16.2,0,0,0,9,0,0,2,0
2008,8,1 to  5,1004.7,137,111.5,59.5,18,28.6,32.2,26,34.5,24.6,74,51,22.2,17.6,0,0,0,8.2,0,0,2,0
2008,8,6 to 10,1005.6,6,6,6,3.5,29.3,33.2,26.2,35.3,24.6,67,39,32.7,18.4,0,0,0,7.4,0,0,0,0
2008,8,11 to 15,1003.5,13.5,13.5,13,10,29.4,33.4,26.3,34.9,24.1,69,48,32,18.9,0,0,0,8,0,0,0,0
2008,8,16 to 20,1000.3,41,26,17,6.5,26.5,31.3,23.2,34.8,20.8,74,49,23.3,14.6,0,0,0,8.9,0,0,1,0
2008,8,21 to 25,1005.3,37.5,12.5,7.5,4,22.7,25.6,20.6,31.1,19.6,78,45,5.6,7.3,0,0,0,9.5,0,0,1,0
2008,8,26 to 31,1007.3,152.5,68.5,25.5,11.5,24.8,28.7,22.3,30.4,20.4,82,57,14.2,10.6,0,0,0,9.6,0,0,4,0
2008,9,1 to  5,1004.7,0,0,0,0,27.7,31,25,32.3,23.7,73,47,25.8,15.6,0,0,0,7.7,0,0,0,0
2008,9,6 to 10,1010.6,6.5,4,2.5,1.5,26.1,30.4,23.3,31.4,21.1,64,31,37.5,17.2,0,0,0,5.6,0,0,2,0
2008,9,11 to 15,1008.6,5.5,4.5,3,2.5,25.3,29,22.2,31.5,19.8,69,36,25.4,13.5,0,0,0,7.4,0,0,0,0
2008,9,16 to 20,1008.9,54,29,11.5,4,24.2,27.4,22.1,29.1,21.1,75,52,11.9,9.7,0,0,0,8.8,0,0,0,0
2008,9,21 to 25,1005,54.5,37,18.5,8.5,23.4,26.6,20.7,28.9,19,71,30,19.9,11.3,0,0,0,8.1,0,0,2,0
2008,9,26 to 30,1010.3,38,23.5,5.5,2.5,19.6,21.8,17.3,29.7,15.4,63,29,3.6,6.2,0,0,0,9.7,0,0,0,0
2008,10,1 to  5,1010.8,13,6.5,4,0.5,20,23.6,17,25.2,15.8,64,38,29.5,13.3,0,0,0,5.6,0,0,0,0
2008,10,6 to 10,1013.5,82.5,51,21,5,20.3,23,17.8,24.8,16.2,78,53,13.5,8.7,0,0,0,8.9,0,0,0,0
2008,10,11 to 15,1013.2,11.5,10,2,1,19.5,22.5,16.9,23.7,15.9,63,35,18,9.9,0,0,0,7.4,0,0,0,0
2008,10,16 to 20,1019.2,2.5,2.5,2.5,1,19.7,23.7,15.6,24.6,15.3,60,31,34.6,13.3,0,0,0,5.7,0,0,0,0
2008,10,21 to 25,1015.8,90.5,75,23.5,7.5,20.4,23.5,17.9,24.5,16,72,34,16.5,8.3,0,0,0,8.2,0,0,0,0
2008,10,26 to 31,1008.9,4.5,4,4,1.5,16.8,20,13.7,22.4,11.5,58,33,28.9,10.2,0,0,0,6.8,0,0,1,0
2008,11,1 to  5,1010.5,0,0,0,0,15.5,19.1,12.1,20.8,11.1,53,27,24,9.7,0,0,0,6.9,0,0,0,0
2008,11,6 to 10,1012.5,3.5,1.5,1.5,0.5,14.1,17.5,11,22.3,9.7,54,30,12,5.6,0,0,0,9.1,0,0,0,0
2008,11,11 to 15,1018.6,1,1,0.5,0.5,14,16.8,11.3,19,9.8,62,44,14.4,7.3,0,0,0,8.2,0,0,0,0
2008,11,16 to 20,1007.1,4,4,2,0.5,13.5,16.5,10.8,19.2,6.6,56,15,29.8,9.5,0,0,0,5.4,0,0,0,0
2008,11,21 to 25,1015,36.5,31.5,5,1.5,10.6,14.6,7.1,16.9,5.5,52,24,34,10.4,0,0,0,4.2,0,0,0,0
2008,11,26 to 30,1011.1,29,24,8,2.5,11.1,14.1,8,16,7.4,61,28,28.7,7.7,0,0,0,3.6,0,0,0,0
2008,12,1 to  5,1016.3,8.5,5,4,1.5,11.6,15.4,7.8,19.4,6.6,60,31,26.6,7.8,0,0,0,5.2,0,0,1,0
2008,12,6 to 10,1017.6,25,22.5,6.5,1.5,9.8,12.9,6.3,18.3,4.1,50,18,24.2,8.3,0,0,0,5.8,0,0,0,0
2008,12,11 to 15,1011.7,14,14,3,1,10.6,14.3,7.5,19.3,3.6,59,31,28.1,7.8,0,0,0,4.9,0,0,0,0
2008,12,16 to 20,1016.1,14,14,2.5,0.5,9.7,13.1,6.5,15.9,3.6,59,26,30.4,8.1,0,0,0,3.8,0,0,0,0
2008,12,21 to 25,1011,9,9,6,1.5,10.1,15.1,4.5,19.9,3.9,57,33,27.4,7.8,0,0,0,4.5,0,0,0,0
2008,12,26 to 31,1006.8,0,0,0,0,7.3,11.9,3.8,14.5,1.8,35,13,54.1,11.2,0,0,0,0.8,0,0,0,0
2009,1,1 to  5,1009.9,0,0,0,0,7.1,11.2,3.3,11.8,1.6,34,16,43.4,11.5,0,0,0,1.8,0,0,0,0
2009,1,6 to 10,1013.1,18,18,6.5,2,6.5,9.8,4,12.5,2.8,49,22,29.6,8.7,0,0,0,7.6,1,0,0,0
2009,1,11 to 15,1010.6,0.5,0.5,0.5,0.5,5,8.8,1.2,10.3,0,36,15,41.8,11.3,0,0,0,0.9,1,0,0,0
2009,1,16 to 20,1016,3.5,3.5,2,1,6.8,10.7,2.9,15.3,0.3,44,24,27.4,8.7,0,0,0,4.3,0,0,0,0
2009,1,21 to 25,1010.3,21,14,4.5,1,7.1,10.5,4.4,14.8,1.9,62,18,15.2,6.9,0,0,0,8.3,1,0,0,0
2009,1,26 to 31,1016.2,99,68,15,3,7.9,10.4,5.1,11.5,1.1,59,20,17.3,6.9,0,0,0,9.3,0,0,0,0
2009,2,1 to  5,1014.5,0,0,0,0,7.6,10.7,4.5,14.1,3.4,49,28,25.4,10.4,0,0,0,7,0,0,0,0
2009,2,6 to 10,1010.2,0,0,0,0,7.4,11.3,4.2,14.3,3.7,37,15,36.3,12.9,0,0,0,4.2,0,0,0,0
2009,2,11 to 15,1005.1,0,0,0,0,11.8,16,7.7,23.9,3.7,53,13,18.6,9.5,0,0,0,7.3,0,0,0,0
2009,2,16 to 20,1009.2,18.5,18.5,4,1.5,6.9,11,2.7,15.4,1.7,40,12,32.2,12.9,0,0,0,6,1,0,0,0
2009,2,21 to 25,1011.3,11,8,2.5,1,6.7,10.3,3.9,14,1.4,58,20,17.6,8.5,0,0,0,6.8,0,0,0,0
2009,2,26 to 28,1016.5,17,16.5,3,1,5.7,8.5,3.1,10.3,1.8,69,35,1.1,5.3,0,0,0,10,1,0,0,0
2009,3,1 to  5,1016.7,15.5,9.5,2.5,1,6.3,9.3,3.3,11.9,1.1,53,18,20.7,11.1,0,0,0,7.2,2,0,0,0
2009,3,6 to 10,1010.3,57.5,47.5,9.5,2,10,13.5,7.4,17.6,5.6,54,23,11.2,8.5,0,0,0,9.1,0,0,0,0
2009,3,11 to 15,1011.7,12,11.5,3,3,9.3,13.4,4.9,16.3,4.1,43,14,28.5,13.6,0,0,0,5.6,0,0,0,0
2009,3,16 to 20,1009.5,2.5,2.5,2.5,1,14.6,19.5,9.1,23.2,6.3,47,17,45.8,17.8,0,0,0,3.5,0,0,0,0
2009,3,21 to 25,1006.1,11,7.5,4.5,1.5,11.3,14.1,8.4,17,6.1,54,19,18.7,11.2,0,0,0,6.2,0,0,0,1
2009,3,26 to 31,1013.8,0,0,0,0,8.5,12.5,5.1,13.6,3.6,41,14,38,17.2,0,0,0,6.7,1,0,0,2
2009,4,1 to  5,1010.2,20,17.5,8,2,12.1,16.3,7.6,19,5.4,52,17,31.1,16.7,0,0,0,7.2,0,0,1,3
2009,4,6 to 10,1013.5,0,0,0,0,16.8,21.6,12.3,24.3,10.5,47,11,55.2,23,0,0,0,1.9,0,0,0,4
2009,4,11 to 15,1005.6,48.5,38,25.5,8,18.2,23.4,14,26.1,12.1,58,14,40.8,19.8,0,0,0,6.7,0,0,0,0
2009,4,16 to 20,1010.3,0,0,0,0,16,20,13.1,22.8,11.5,62,31,25.2,15.2,0,0,0,7.7,0,0,0,0
2009,4,21 to 25,1006.2,94,61,9.5,3,15.9,19.2,13.5,24.3,10,63,25,18.3,12.1,0,0,0,7.8,0,0,0,0
2009,4,26 to 30,1006.2,0,0,0.5,0,15.5,20.7,10.7,23,9.1,40,13,56.1,25.6,0,0,0,1.5,0,0,0,0
2009,5,1 to  5,1015.5,14.5,14.5,4,1.5,19.5,23.1,15.9,24.5,14,55,27,33.5,18.8,0,0,0,6.9,0,0,0,0
2009,5,6 to 10,1005.1,41,19.5,7,2.5,19,22.7,15.7,28.3,14.8,73,36,21.5,12.8,0,0,0,8.8,0,0,1,0
2009,5,11 to 15,1005.6,0.5,0.5,0.5,0.5,20.1,23.9,16.7,26.3,12.6,52,13,30.7,19.3,0,0,0,8,0,0,0,0
2009,5,16 to 20,1006.6,16,16,7,4,21.1,24.7,17.5,29.3,16,60,17,26.4,15.3,0,0,0,7.2,0,0,0,0
2009,5,21 to 25,1005.6,50,49.5,40,17,21.3,25.1,18.4,28.6,16.2,65,37,25,17.5,0,0,0,8.4,0,0,1,0
2009,5,26 to 31,1005.8,120,63.5,16.5,4.5,19.5,22.4,17,26,15.6,75,35,17.5,11.1,0,0,0,9.2,0,0,0,0
2009,6,1 to  5,1002.3,7,7,2,0.5,20.7,23.6,18.3,26.2,15.5,68,41,15.5,13.5,0,0,0,9,0,0,0,0
2009,6,6 to 10,1004,16.5,16.5,4,1,21.4,24.7,18.8,28.9,17.3,71,39,12,12.3,0,0,0,8.8,0,0,0,0
2009,6,11 to 15,999.7,67.5,33.5,18.5,6.5,21.9,25.5,18.8,28.1,18,68,31,20.1,15.4,0,0,0,8.7,0,0,1,0
2009,6,16 to 20,1010,21.5,21.5,15,5,21.6,25.3,18.9,27.6,17,73,52,15.7,14.8,0,0,0,9.2,0,0,1,0
2009,6,21 to 25,999.1,83.5,48,12,3.5,24.4,26.7,22.6,29.7,21.5,80,55,10,9.6,0,0,0,9.7,0,0,0,0
2009,6,26 to 30,1004.8,30,17.5,5.5,1.5,25,29,21.6,31.9,20.8,69,35,25.5,15.9,0,0,0,8.6,0,0,0,0
2009,7,1 to  5,1002.6,23,9,7.5,2.5,23.1,25.7,20.7,27.6,20.2,79,58,1.8,8.8,0,0,0,9.6,0,0,0,0
2009,7,6 to 10,1004.7,8,6.5,5.5,3.5,26.7,29,24.2,31.5,22.6,73,47,12.1,11.9,0,0,0,9.3,0,0,0,0
2009,7,11 to 15,1006,0,0,0,0,27.3,31,24.2,33.6,22.1,60,39,31.6,20.9,0,0,0,8.9,0,0,0,0
2009,7,16 to 20,1002.5,4.5,4.5,3,1.5,27.9,31.3,24.7,34.2,22.7,65,46,18,15.8,0,0,0,7.6,0,0,0,0
2009,7,21 to 25,1000.7,30,13,6.5,2.5,25.4,28.2,23.2,31.9,21.6,80,53,10.3,10.2,0,0,0,9.9,0,0,1,0
2009,7,26 to 31,1003.3,13,6,5.5,4,27.2,30.7,24.1,33.8,21.1,75,50,29.7,16.3,0,0,0,8.5,0,0,1,0
2009,8,1 to  5,1004.1,4,4,2.5,1,25.7,29.1,23.1,30.3,21.6,75,57,9.8,13,0,0,0,9.6,0,0,0,0
2009,8,6 to 10,1006.1,131.5,111.5,59,19,27.8,31,25.3,33.2,25,78,55,6.4,10.5,0,0,0,9.6,0,0,2,0
2009,8,11 to 15,1002.2,5,5,5,2.5,27.5,30.7,24.6,31.7,23.7,70,39,27.3,16.7,0,0,0,6.8,0,0,0,0
2009,8,16 to 20,1010.9,0,0,0,0,27.2,31.4,24.3,33.2,23.6,62,29,38.2,19.3,0,0,0,7.4,0,0,0,0
2009,8,21 to 25,1002.3,5.5,5,5,3,27.2,30.5,24.4,32.5,22.9,62,39,19.7,15.3,0,0,0,9.1,0,0,1,0
2009,8,26 to 31,1007.2,96,80,12.5,4,24.7,28.4,21.7,32.3,17.6,67,41,34.7,14.8,0,0,0,6.8,0,0,0,0
2009,9,1 to  5,1010.7,0,0,0,0,23.6,27,20.8,31.5,20.4,69,47,18,12.5,0,0,0,7.9,0,0,0,0
2009,9,6 to 10,1000.6,0.5,0.5,0.5,0.5,24.2,27.8,21.2,29.3,19.2,63,26,34,16.1,0,0,0,6.7,0,0,0,0
2009,9,11 to 15,1006,38.5,38,28.5,10.5,22.8,25.9,19.9,28.9,19.5,63,31,18,11,0,0,0,8.8,0,0,0,0
2009,9,16 to 20,1007.1,3.5,3.5,2.5,1,22.2,26.5,19.2,28.3,17.7,58,25,31.4,15.6,0,0,0,6.7,0,0,0,0
2009,9,21 to 25,1014.3,0,0,0,0,23,26.4,20.3,28.5,19.1,61,23,23.9,13.6,0,0,0,7.1,0,0,0,0
2009,9,26 to 30,1015.1,10.5,6.5,2,1,22.4,25.4,20.1,27.8,18.7,68,46,11.2,9.5,0,0,0,8.8,0,0,0,0
2009,10,1 to  5,1010,26.5,13.5,4.5,1.5,21.4,24.1,18.8,25.8,17.7,73,52,10.4,7.6,0,0,0,9.2,0,0,0,0
2009,10,6 to 10,1005.3,165.5,127,51,14.5,18.9,21.4,16.7,26.3,15.8,66,30,16.2,8.1,0,0,0,8.2,0,0,0,0
2009,10,11 to 15,1010.8,16,16,14.5,11.5,18.7,22.6,15.3,24.9,13.7,59,28,38,14.6,0,0,0,4.8,0,0,1,0
2009,10,16 to 20,1005,0,0,0,0,19.7,23.5,15.8,27.1,14.4,58,28,32.8,12.8,0,0,0,4.3,0,0,0,0
2009,10,21 to 25,1015.4,8,6,2,0.5,17.3,20.2,14.6,23.4,12.7,61,35,17.2,8.5,0,0,0,7.7,0,0,0,0
2009,10,26 to 31,1014.2,60.5,59,7,2,18,21.9,14.8,25,13,65,31,38.7,11,0,0,0,4.7,0,0,0,0
2009,11,1 to  5,1015.5,14,7.5,4.5,1.5,13.6,18,8.4,25.9,5.5,58,25,23.8,9.5,0,0,0,7.2,0,0,0,0
2009,11,6 to 10,1015,2,2,2,1,17.1,20.9,13.3,22.1,10.6,68,43,32.5,11,0,0,0,4.6,0,0,0,0
2009,11,11 to 15,1009.4,94.5,85,19,6,15.1,18.5,11.8,22.5,9.8,70,23,10,4.8,0,0,0,8.5,0,0,0,0
2009,11,16 to 20,1015.4,26.5,20,3,1,11,13.8,8.7,17.4,6.8,55,23,14.5,6.4,0,0,0,8.2,0,0,0,0
2009,11,21 to 25,1017.7,5,4,1.5,0.5,11.4,14.8,8.8,17.5,7.4,62,28,20.8,7.6,0,0,0,6.3,0,0,0,0
2009,11,26 to 30,1016.3,9.5,7,3,1.5,12.5,15.7,9.7,18.1,7.2,65,41,22.4,7.6,0,0,0,6.2,0,0,0,0
2009,12,1 to  5,1013.1,40.5,24,7,1.5,11.1,14.1,8.6,16.2,7.5,66,39,25.9,7.5,0,0,0,5.1,0,0,0,0
2009,12,6 to 10,1015.2,0,0,0,0,10.6,13.8,7.8,16.6,6.2,50,28,32.7,9.1,0,0,0,4.3,0,0,0,0
2009,12,11 to 15,1011.4,40,38.5,5.5,1.5,9.8,12.1,7.7,17.4,5.7,57,33,13.4,5.6,0,0,0,8.3,0,0,0,0
2009,12,16 to 20,1005.3,0,0,0,0,6.3,10.3,3.2,11.8,1.1,43,12,32.7,9.2,0,0,0,2.6,0,0,0,0
2009,12,21 to 25,1012.2,0,0,0,0,7.8,11.5,4.3,13.8,2.6,41,19,41,10.5,0,0,0,2.4,0,0,0,0
2009,12,26 to 31,1005.4,2,2,1,0.5,8.6,12.6,5.9,14.2,2.8,49,14,35.3,8.5,0,0,0,4.8,0,0,0,0
2010,1,1 to  5,1002.7,2.5,2.5,2,1,6.1,10.6,1.8,13.2,0.2,40,15,38.1,10.2,0,0,0,3,0,0,0,0
2010,1,6 to 10,1007.6,0,0,0,0,7.1,11.3,3.3,12.1,1.5,35,17,41.8,11.4,0,0,0,2.3,0,0,0,0
2010,1,11 to 15,1008.6,6.5,6.5,1.5,0.5,4.6,7.4,2,9.2,-0.3,46,11,25.9,7.9,0,0,0,5,1,0,0,0
2010,1,16 to 20,1021,0,0,0,0,6.8,11.2,2.3,17.3,1.4,40,19,42.3,11.9,0,0,0,2.8,0,0,0,0
2010,1,21 to 25,1008.3,0,0,0,0,8.3,12.8,3.5,18,2,40,21,33.2,10.6,0,0,0,4.2,0,0,0,0
2010,1,26 to 31,1012.4,0,0,0,0,8.9,12.6,4.6,15.5,1.5,46,19,40.6,11.3,0,0,0,5,0,0,0,0
2010,2,1 to  5,1008.1,33.5,31.5,5.5,1.5,4.3,8,0.3,9.4,-0.4,56,20,27.9,9.8,2,1,1,5.4,3,0,0,0
2010,2,6 to 10,1012.5,0,0,0,0,6.9,12.3,2.2,21,0.1,48,15,32.6,11.4,0,0,0,5.2,0,0,0,0
2010,2,11 to 15,1015.4,29.5,17,4.5,1,4,5.9,2,7.7,0.5,68,32,6.6,4.6,0,0,0,9.8,3,0,0,0
2010,2,16 to 20,1012.6,2.5,2,1,0.5,4.6,7.4,1.6,11.2,0.5,59,21,14.2,8.9,0,0,0,7.1,3,0,0,0
2010,2,21 to 25,1016.9,0,0,0,0,9.6,13.8,5.9,18.3,4,57,27,33.2,13.4,0,0,0,5.4,0,0,0,0
2010,2,26 to 28,1008.9,49.5,30,7,2,11.4,13.9,8.4,18.7,2.8,76,64,3.8,5.2,0,0,0,9.3,1,0,0,0
2010,3,1 to  5,1012.8,12,6,2.5,1,8.6,12.9,5,18.2,3.9,69,42,18.7,10.5,0,0,0,8.5,0,0,0,0
2010,3,6 to 10,1013.2,43.5,23,5,1.5,6.4,9.6,3.6,13.7,0.9,73,46,6,5.7,0,0,0,8.8,1,0,0,0
2010,3,11 to 15,1017.6,0,0,0,0,11.9,16.3,6.6,21.4,3.9,51,24,38.6,17.5,0,0,0,3.9,0,0,0,0
2010,3,16 to 20,1007.3,31.5,31.5,15,3.5,11.8,16.1,7.1,21.6,4.8,58,25,33.9,16.4,0,0,0,6.1,0,0,0,0
2010,3,21 to 25,1006.7,53.5,24.5,4,1.5,9.6,13.4,5.4,21.1,3.2,62,11,19.9,10.6,0,0,0,7.3,0,0,0,1
2010,3,26 to 31,1017.5,3,3,3,2,6.8,11.2,3.3,14.5,1.2,53,17,22.7,13.7,0,0,0,7.6,1,0,0,2
2010,4,1 to  5,1012.8,16,16,5.5,3,11.8,15.6,8.1,20.7,7,61,16,12.6,9.2,0,0,0,9,0,0,0,3
2010,4,6 to 10,1015.1,2.5,2.5,1.5,1,12.4,16.7,8.6,20.2,6.1,60,29,31.2,17,0,0,0,7.8,0,0,0,4
2010,4,11 to 15,1010.7,45,30.5,5.5,2,12.3,17.2,8.7,23.2,5.5,63,24,16.3,12.1,0,0,0,8.8,0,0,0,0
2010,4,16 to 20,1018.6,38,22,5,1.5,10.9,14.7,6.5,20,1.4,64,26,22.1,14.3,0,0,0,8.8,1,0,0,0
2010,4,21 to 25,1011,25.5,22,6.5,2,12,16.6,8.5,25.5,6.9,62,17,25.2,14.6,0,0,0,8.1,0,0,0,0
2010,4,26 to 30,1013.1,87,79,27,8.5,14.9,18.9,11.2,23.4,9.2,59,15,32.5,17.1,0,0,0,6.6,0,0,0,0
2010,5,1 to  5,1011.3,0,0,0,0,19.2,23.7,14.6,27.6,11.4,52,21,49.7,23.7,0,0,0,5.2,0,0,0,0
2010,5,6 to 10,1005.2,6,6,2,0.5,20.5,24.6,17.1,27.8,15.4,58,16,32.1,19.4,0,0,0,7.9,0,0,0,0
2010,5,11 to 15,1007.2,25,18.5,4,1,16.1,20.3,13,21.8,11.6,52,24,30.5,18.1,0,0,0,7.2,0,0,0,0
2010,5,16 to 20,1012.1,30,24.5,7.5,3,20,23.7,16.9,26.3,13.9,67,28,32.9,18.3,0,0,0,7.4,0,0,0,0
2010,5,21 to 25,1004,44.5,24.5,4.5,1.5,21.5,25.9,17.8,30.9,15.5,65,21,29.6,15.8,0,0,0,7.8,0,1,0,0
2010,5,26 to 31,1004.8,8.5,5.5,3.5,1,16.9,20.6,13.7,22.5,12,64,37,24,14.6,0,0,0,8.8,0,0,0,0
2010,6,1 to  5,1012,1,1,1,0.5,20,25.2,16.1,27.3,13.4,57,16,56.6,26.2,0,0,0,3.5,0,0,1,0
2010,6,6 to 10,1011.2,5.5,5.5,4,1,21.7,25.7,18.6,28.2,17.6,60,29,31.7,18.5,0,0,0,8.3,0,0,0,0
2010,6,11 to 15,1009.3,22.5,20.5,2.5,1,22.4,26.3,19.4,28.9,17.3,70,44,29.5,19.3,0,0,0,7.8,0,0,0,0
2010,6,16 to 20,1001,38.5,16.5,6.5,2.5,25.7,29.9,21.8,31.6,20.1,71,40,18.9,16.3,0,0,0,9.3,0,0,0,0
2010,6,21 to 25,1003.6,20.5,20.5,8.5,3.5,25.5,28.6,22.9,31.2,22.3,69,30,21.6,15.7,0,0,0,8.9,0,0,0,0
2010,6,26 to 30,1005.3,20,9,7,3,26.6,29.4,24.1,31.8,22.7,76,56,4.2,12,0,0,0,9.8,0,0,2,0
2010,7,1 to  5,996.8,15.5,11,7.5,3.5,26.8,30.2,24.3,31.6,23.1,75,57,11.4,13.8,0,0,0,9,0,0,0,0
2010,7,6 to 10,1002.2,30.5,24,16,7,26.3,29.5,23.3,31.1,22.7,74,45,24.6,15.3,0,0,0,9,0,0,0,0
2010,7,11 to 15,1007.6,11.5,5,2.5,1,26.4,29.6,23.4,31.4,19.9,74,56,10.5,11.8,0,0,0,9.1,0,0,0,0
2010,7,16 to 20,1013.7,0,0,0,0,29.1,32.9,26.2,34.5,25.6,66,42,49.8,23.7,0,0,0,6.4,0,0,0,0
2010,7,21 to 25,1009.2,1,1,1,1,30.8,35.7,26.9,36.3,25.5,63,34,53.4,23.4,0,0,0,5.2,0,0,1,0
2010,7,26 to 31,1005.6,11.5,6.5,2.5,1.5,28.5,31.8,25.9,34.2,24.4,71,44,33,16.2,0,0,0,7.7,0,0,1,0
2010,8,1 to  5,1007.2,0,0,0,0,29.7,33.4,27.5,34.1,27.4,70,48,41.9,20.7,0,0,0,6.3,0,0,0,0
2010,8,6 to 10,1012.7,26.5,24.5,11,3.5,28.4,31.7,25.8,33.6,23.6,69,45,25,15.9,0,0,0,8.1,0,0,0,0
2010,8,11 to 15,1003.9,0.5,0.5,0.5,0.5,29.3,32.5,27.2,35.5,26.8,70,51,20.3,14.9,0,0,0,9.4,0,0,0,0
2010,8,16 to 20,1011.6,0,0,0,0,30.3,34.7,27.2,37.2,25.5,66,42,27.1,16.6,0,0,0,7.9,0,0,1,0
2010,8,21 to 25,1010.6,0,0,0,0,29.7,34,27,35.1,26.2,67,45,48,21.6,0,0,0,3.8,0,0,0,0
2010,8,26 to 31,1011.7,0,0,0,0,30.3,34.7,27.2,35.8,26.4,64,32,60.3,20.8,0,0,0,4.9,0,0,0,0
2010,9,1 to  5,1011.9,0,0,0,0,30.5,35,27.7,35.9,26.8,61,33,47,20,0,0,0,5.1,0,0,0,0
2010,9,6 to 10,1006.3,103,102,68,16.5,27.4,31.7,24.8,35.7,22,66,40,28.9,14.1,0,0,0,7.9,0,0,0,0
2010,9,11 to 15,1005.6,5.5,3,2.5,1,26.8,30.5,23.5,33.2,20.7,69,46,27.6,15.3,0,0,0,8.6,0,0,1,0
2010,9,16 to 20,1006.9,98.5,98,32,7.5,24.6,27.8,21.9,29.7,19.5,71,41,23.7,12.7,0,0,0,7.7,0,0,0,0
2010,9,21 to 25,1005.6,81.5,59.5,23.5,8,22.4,26.3,18.9,32.7,13.9,69,38,25.8,11,0,0,0,7.8,0,0,1,0
2010,9,26 to 30,1013.4,139.5,65,14.5,3.5,19.2,22.6,16.8,25.6,14.8,72,34,12.3,8,0,0,0,8.7,0,0,1,0
2010,10,1 to  5,1011.4,3.5,3,2.5,0.5,21.2,24.7,18.4,26.9,17.3,70,43,20.8,12.4,0,0,0,7.7,0,0,0,0
2010,10,6 to 10,1012.2,84,54,29,8.5,20.3,23.6,18,25.7,16.7,72,44,17.5,9.6,0,0,0,7.8,0,0,0,0
2010,10,11 to 15,1007.4,6.5,3,3,1.5,22.3,25.4,19.4,28.3,17.8,70,39,18.6,10.6,0,0,0,7.9,0,0,0,0
2010,10,16 to 20,1017.4,1.5,1.5,1.5,1.5,19.8,22.3,17.8,24.8,16.7,60,44,10.3,8.8,0,0,0,9.1,0,0,0,0
2010,10,21 to 25,1012.4,21,16,6.5,2,17.2,19.7,14.9,21.4,13.2,69,41,8.1,6.3,0,0,0,9.6,0,0,0,0
2010,10,26 to 31,1015.1,94.5,58.5,7,1.5,13.6,16,11.4,19.8,9.3,68,32,6.1,5.3,0,0,0,9.2,0,0,0,0
2010,11,1 to  5,1009.7,50.5,50.5,15,4,14.8,18.6,11.2,20.7,8.5,54,22,30.4,10.8,0,0,0,4,0,0,1,0
2010,11,6 to 10,1008.6,0,0,0,0,15.5,20,11.3,22.4,9.5,53,11,38.1,12,0,0,0,4.4,0,0,0,0
2010,11,11 to 15,1016.4,6.5,6.5,2,1,14.6,18.4,10.7,20.6,7.1,56,27,19.5,8.4,0,0,0,5.9,0,0,0,0
2010,11,16 to 20,1016.4,4.5,4,2,0.5,10.9,14.3,7.8,16.7,7,58,34,25.8,8.9,0,0,0,6.7,0,0,0,0
2010,11,21 to 25,1011.5,30,18.5,6,2,12.8,15.6,10,17.3,7,63,36,13.9,7.6,0,0,0,8.7,0,0,0,0
2010,11,26 to 30,1011.2,3,3,2,1,12.5,16.3,8.8,19.7,7.9,52,23,31.2,9.7,0,0,0,5.4,0,0,0,0
2010,12,1 to  5,1010.3,76.5,76,30,13,13.7,18.3,9.7,23.7,7.2,52,26,35.2,9.7,0,0,0,4.5,0,0,1,0
2010,12,6 to 10,1003.5,7.5,7.5,2.5,0.5,10.8,14.4,7.3,16.7,5.1,51,28,32.8,9.7,0,0,0,5.3,0,0,0,0
2010,12,11 to 15,1007.9,18,9.5,3,1,11,14.2,7.3,18.4,5.8,61,28,22.2,6.6,0,0,0,6.5,0,0,0,0
2010,12,16 to 20,1010.2,0,0,0,0,7.9,11.5,4.5,15.9,3.4,50,26,28.2,8.5,0,0,0,5,0,0,0,0
2010,12,21 to 25,1001.3,43.5,28.5,8.5,3,9.8,13.5,6.1,17,2.2,47,26,32.1,9.3,0,0,0,3.1,0,0,0,0
2010,12,26 to 31,998.5,0,0,0,0,6.7,10.7,3.2,12.6,2.1,40,12,44.4,9.8,0,0,0,2.7,1,0,0,0
2011,1,1 to  5,1006.1,0,0,0,0,6.6,10.4,3.1,11,2.2,40,21,37.3,10.4,0,0,0,4.7,0,0,0,0
2011,1,6 to 10,1008,0,0,0,0,5.2,9.3,1.6,12.2,0.6,33,15,43.4,11.9,0,0,0,1.3,0,0,0,0
2011,1,11 to 15,1007.9,0,0,0,0,4.2,7.7,1,9.5,0,37,21,33.9,10.2,0,0,0,4.3,1,0,0,0
2011,1,16 to 20,1006.8,0,0,0,0,4.9,9.6,0.5,11,-1.1,35,9,45,12.4,0,0,0,2.2,1,0,0,0
2011,1,21 to 25,1012.2,3.5,3.5,2,1,5.5,9.3,2.5,10.4,2.3,41,16,37.1,11.3,0,0,0,4.6,1,0,0,0
2011,1,26 to 31,1012.9,0,0,0,0,4.1,8.2,0.6,10.5,-1,33,11,47.2,12.4,0,0,0,2.6,1,0,0,0
2011,2,1 to  5,1014.2,0,0,0,0,7.2,11.8,2.2,13.8,-0.8,41,15,35.7,11.9,0,0,0,3.7,0,0,0,0
2011,2,6 to 10,1006.8,6.5,5.5,2.5,1,6.8,10.5,3.8,13.8,1.2,47,18,24.4,10.3,0,0,0,6.3,2,0,0,0
2011,2,11 to 15,1011.1,37,21,5,1,3.5,7,0.5,10.3,-0.2,61,23,18.3,8.8,2,2,2,7,4,0,0,0
2011,2,16 to 20,1014.8,77.5,76.5,17,4,7.8,11.8,4.2,14.6,1.6,52,27,16.9,9.2,0,0,0,7.3,0,0,0,0
2011,2,21 to 25,1018.4,0,0,0,0,9.5,13.8,5.3,20.8,3.1,56,30,33.9,13.6,0,0,0,4.5,0,0,0,0
2011,2,26 to 28,1018.2,30,30,4,1,7.5,13,3.4,18.7,2.2,52,17,19.7,11.9,0,0,0,5.7,1,0,0,0
2011,3,1 to  5,1007.1,10.5,10.5,3,1,5.8,9.2,2.5,11.5,1.6,43,17,29.3,14.2,0,0,0,5,0,0,0,0
2011,3,6 to 10,1007.4,28.5,28,5.5,1,6.9,11.3,2.6,15,1,50,16,29.3,13.8,0,0,0,7.1,1,0,0,0
2011,3,11 to 15,1011.5,0,0,0,0,10.2,14.9,5.3,20.2,2.3,47,16,36.8,16.1,0,0,0,4.3,0,0,0,0
2011,3,16 to 20,1009.7,0,0,0,0,8.8,13.4,4.5,18.2,1.2,38,12,42.8,19.2,0,0,0,4.2,0,0,0,0
2011,3,21 to 25,1010.6,35,20,6,1.5,7.3,10.5,4.4,13.4,2.7,63,24,14.5,9.8,0,0,0,8.5,0,0,0,0
2011,3,26 to 31,1015.6,0,0,0,0,9.3,13.9,4.9,16.5,2.9,41,15,62.1,21.6,0,0,0,3.2,0,0,0,1
2011,4,1 to  5,1015.1,0,0,0,0,10.3,14.7,6.6,18.4,4.3,37,9,38,18.5,0,0,0,3.8,0,0,0,2
2011,4,6 to 10,1015.8,0.5,0.5,0.5,0.5,15.3,18.8,11.2,20.6,7.7,52,15,24.3,14.9,0,0,0,6.1,0,0,0,3
2011,4,11 to 15,1007,12.5,12,5.5,1.5,14.9,20,9.6,22.5,7.1,45,12,49.6,22.6,0,0,0,4.1,0,0,0,4
2011,4,16 to 20,1003.3,23,23,8.5,2,13.8,18.9,9.8,24.6,6.5,55,26,28.1,17.7,0,0,0,7.4,0,0,0,0
2011,4,21 to 25,1007.9,54,54,12.5,6,15.1,18.6,11.5,20.1,8.8,61,21,24,15.7,0,0,0,6.9,0,0,0,0
2011,4,26 to 30,1004.5,6,4,2.5,1.5,17.8,22.3,13,24.8,11.3,51,26,40,22,0,0,0,6,0,0,0,0
2011,5,1 to  5,1006.7,8,6,3,1.5,17.2,20.5,13.9,24.2,13,57,21,20.6,14.2,0,0,0,7.7,0,0,0,0
2011,5,6 to 10,1008.1,2,1,0.5,0.5,19.2,23,15.1,27.2,12.4,61,22,21.3,15.3,0,0,0,7.9,0,0,0,0
2011,5,11 to 15,1001.9,50.5,35,5.5,1.5,18.2,22.1,14.4,25.6,13.9,63,12,23.3,14.9,0,0,0,8.7,0,0,0,0
2011,5,16 to 20,1010.3,3.5,3.5,3,1.5,20.2,24.3,16.2,26.7,15.2,56,23,40.3,21.8,0,0,0,5.7,0,0,1,0
2011,5,21 to 25,1010.6,41,20.5,11.5,5,18.5,23.5,14.5,29.6,12.2,65,28,33.5,17.8,0,0,0,7.8,0,0,0,0
2011,5,26 to 31,1007.7,108.5,69.5,12.5,3.5,17.9,20.4,15.8,22.3,12.2,73,48,7.3,9.7,0,0,0,10,0,0,0,0
2011,6,1 to  5,1008.3,15.5,10,4.5,1.5,19.1,22.4,15.7,26.3,12.1,69,47,22.2,16.3,0,0,0,9.7,0,0,0,0
2011,6,6 to 10,1003.2,3,3,1,0.5,21.8,25.2,18.8,28.6,17.4,68,33,21.3,15.6,0,0,0,8.3,0,0,0,0
2011,6,11 to 15,1001.5,65,35.5,13,3,21.9,24.6,19.8,26.2,18.2,71,45,2.7,10.7,0,0,0,9.8,0,0,0,0
2011,6,16 to 20,1006.7,29.5,21.5,5.5,1.5,21.3,23.6,19.2,26.5,17.7,77,61,1.9,9.1,0,0,0,10,0,0,0,0
2011,6,21 to 25,1003.3,1,1,1,0.5,26.9,30.9,23.4,32.7,20.4,67,45,32.3,18.8,0,0,0,8.2,0,0,0,0
2011,6,26 to 30,1009,2.5,1.5,1.5,0.5,25.9,29.4,22.7,35.1,19.8,71,42,24.7,14.9,0,0,0,7.7,0,0,1,0
2011,7,1 to  5,998,5.5,5.5,3.5,2,28.1,32.1,24.9,34.3,24.1,67,37,28.5,18.9,0,0,0,8.2,0,0,2,0
2011,7,6 to 10,1005.7,0,0,0,0,28.4,31.9,25.8,33.6,23.6,66,41,33.9,20.7,0,0,0,7,0,0,0,0
2011,7,11 to 15,1010,0,0,0,0,29,33.2,26.1,33.8,25.9,64,42,59.2,26.1,0,0,0,2.8,0,0,0,0
2011,7,16 to 20,1002.3,9.5,6,2.5,2,28.5,31.9,25.5,34.8,21.1,70,42,31.9,17.4,0,0,0,5.9,0,0,0,0
2011,7,21 to 25,1005.1,3,3,1,0.5,23.7,27.4,20.6,31.5,18,64,47,26.9,17.5,0,0,0,8.1,0,0,0,0
2011,7,26 to 31,1005.8,36.5,29,18.5,8.5,26.3,29.3,24.2,31.8,22.2,74,50,5.8,10.2,0,0,0,9.6,0,0,3,0
2011,8,1 to  5,1009.2,24.5,15.5,14.5,11.5,26.3,29.6,23.6,31.2,22,72,53,11.7,12.7,0,0,0,8.8,0,0,0,0
2011,8,6 to 10,1006.4,20,20,20,12,29.6,33.7,26.5,34.6,25.5,68,51,45.3,21.7,0,0,0,6.8,0,0,1,0
2011,8,11 to 15,1002.5,0,0,0,0,30.5,34.3,27.7,35.2,27.2,64,39,40.6,20.6,0,0,0,5.5,0,0,1,0
2011,8,16 to 20,1002.2,57,57,31.5,8.5,28.4,32,25.6,36.1,22,68,45,27.4,14.5,0,0,0,7.2,0,0,1,0
2011,8,21 to 25,1008.4,39.5,26,10.5,3,24.6,27.7,22.2,32,19.3,80,57,11.2,9.3,0,0,0,9.6,0,0,0,0
2011,8,26 to 31,1009.3,103,88.5,55,16.5,25.8,30.2,22.4,31.9,21.6,72,38,32.7,16.2,0,0,0,7.7,0,0,1,0
2011,9,1 to  5,1001.5,65,27,14.5,11.5,27.7,30.5,25.1,31.9,24.3,75,59,11.2,12.9,0,0,0,9.8,0,0,1,0
2011,9,6 to 10,1007.6,14.5,14.5,6.5,6.5,26.3,30.4,22.7,32.3,20.3,66,38,37.4,18,0,0,0,5.7,0,0,0,0
2011,9,11 to 15,1012.8,0,0,0,0,28.2,32.1,25.6,32.5,25.2,67,42,43.7,19.1,0,0,0,4.4,0,0,0,0
2011,9,16 to 20,1006.9,26.5,21,5,5,26.1,29.5,23,31.7,18.7,73,51,25.6,12.7,0,0,0,7.4,0,0,0,0
2011,9,21 to 25,1005.2,129,124,28,10.5,21.3,25.3,17.6,29.5,15.9,64,34,19.2,11.3,0,0,0,8.4,0,0,0,0
2011,9,26 to 30,1012.3,0,0,0,0,21.2,24.7,17.9,29.6,16.7,62,39,28.7,13.4,0,0,0,6.8,0,0,0,0
2011,10,1 to  5,1013.7,53.5,53.5,6.5,1.5,18.8,21.9,16.4,25.1,14.4,53,22,17,10.4,0,0,0,8.9,0,0,0,0
2011,10,6 to 10,1012.6,10.5,6,5,2,20.3,24.3,17,25.6,15.9,59,23,33.3,15.3,0,0,0,6.4,0,0,0,0
2011,10,11 to 15,1011.7,6,4,4,3,21.5,24.9,18.3,26.9,16.9,64,35,16.7,10.2,0,0,0,8.6,0,0,0,0
2011,10,16 to 20,1014,8,8,5,1.5,19.8,22.7,16.9,29.7,14,60,28,15.9,9.3,0,0,0,8.9,0,0,0,0
2011,10,21 to 25,1010.4,41.5,37.5,11,5,20.6,23.9,18.2,26.9,16.3,75,38,9.7,7.7,0,0,0,9.3,0,0,0,0
2011,10,26 to 31,1018.3,0,0,0,0,16.5,20.6,12.9,23.4,11.2,54,28,48.7,14.1,0,0,0,3.2,0,0,0,0
2011,11,1 to  5,1022.5,1.5,1.5,1,0.5,18.1,21.6,14.6,22.2,12.9,63,28,26.2,10.5,0,0,0,5,0,0,0,0
2011,11,6 to 10,1011.8,8,7,2.5,1,16.2,18.6,14.1,22.7,11.7,65,40,12.7,8,0,0,0,9.5,0,0,0,0
2011,11,11 to 15,1011.8,25,19,3.5,1,15.5,18.7,12.5,21.7,11.2,68,35,20.3,8.1,0,0,0,8.7,0,0,0,0
2011,11,16 to 20,1013.2,78,78,12,3,14.7,18.8,11.1,22.1,9.5,57,17,24.6,8.4,0,0,0,5.9,0,0,1,0
2011,11,21 to 25,1014.1,0,0,0,0,12.2,16.2,8.5,18.6,7.2,46,20,39,11.2,0,0,0,3.2,0,0,0,0
2011,11,26 to 30,1018.7,0,0,0,0,12.6,16.1,9.3,19.4,7.2,52,30,20.6,8.1,0,0,0,8.3,0,0,0,0
2011,12,1 to  5,1012.4,41,35,7.5,2,9.9,14.1,7,18.9,4.2,61,27,19,6,0,0,0,7,0,0,0,0
2011,12,6 to 10,1014.1,17,9.5,4.5,1,7.7,10.2,5,13,2.4,59,27,19.7,5.8,0,0,0,7.4,0,0,0,0
2011,12,11 to 15,1014.1,1.5,1.5,1,0.5,9.2,13.8,4.8,16.5,2.6,53,20,35.9,9.2,0,0,0,2.5,0,0,0,0
2011,12,16 to 20,1013.5,0,0,0,0,7.1,11.1,3.3,12.8,2,42,18,41.4,10.7,0,0,0,2.8,0,0,0,0
2011,12,21 to 25,1008.2,0,0,0,0,5.7,8.4,3.1,8.8,2.1,43,21,22.1,7.8,0,0,0,5.3,0,0,0,0
2011,12,26 to 31,1017,0,0,0,0,5.7,9.6,2.5,10,1.5,34,15,49.5,10.9,0,0,0,2.5,0,0,0,0
2012,1,1 to  5,1008.1,0,0,0,0,5.8,9.9,2.7,10.9,1.9,37,15,30,9.3,0,0,0,4.1,0,0,0,0
2012,1,6 to 10,1018.1,0,0,0,0,6.1,9.5,2.8,9.8,2.5,38,18,39.8,11.2,0,0,0,4.1,0,0,0,0
2012,1,11 to 15,1011.1,0,0,0,0,5,8.9,1.5,11.1,0,37,20,27.6,9.8,0,0,0,4.3,0,0,0,0
2012,1,16 to 20,1016.6,9,9,1.5,0.5,4.8,7.7,2.3,10.2,1.5,49,27,18.2,6.9,0,0,0,8.1,1,0,0,0
2012,1,21 to 25,1008,41,22.5,6.5,1.5,4.2,6.8,1.4,9.3,-0.1,67,23,14.7,6.3,4,4,4,7.1,3,0,1,0
2012,1,26 to 31,1013.5,0,0,0,0,3.3,7,0.3,8.1,-1,35,17,52.7,13.4,0,0,0,2.6,0,0,0,0
2012,2,1 to  5,1010.5,0,0,0,0,4.6,9,0.3,12.4,-1,33,11,37.7,13,0,0,0,2.2,0,0,0,0
2012,2,6 to 10,1006.6,32.5,28.5,6,2,5.9,8.7,3,10,0.4,52,14,18.2,7.8,0,0,0,7.3,1,0,0,0
2012,2,11 to 15,1015.3,3.5,3.5,1.5,0.5,5.8,9.5,2.5,12.7,1.1,50,23,20.4,10,0,0,0,7,0,0,0,0
2012,2,16 to 20,1011.9,3.5,2,1.5,0.5,3.7,7.8,0.6,10.4,-0.6,48,15,34.4,14.2,0,0,0,4.7,3,0,0,0
2012,2,21 to 25,1009.7,36,19,5.5,1.5,8.2,11.9,5.1,15.4,2.9,59,13,23.6,10.1,0,0,0,8.5,0,0,0,0
2012,2,26 to 29,1016.4,18.5,18.5,3,1,4.2,7.7,1.7,9.2,0.3,51,20,14.3,10.5,2,2,2,9.3,1,0,0,0
2012,3,1 to  5,1015.7,48,37,5.5,1.5,6.8,10.2,3.4,12.4,2.5,76,43,9.5,7.2,0,0,0,9.2,0,0,0,0
2012,3,6 to 10,1007.8,49,26.5,3,1,9.2,11.8,6.8,15.7,2,79,44,4.6,6.2,0,0,0,9.5,1,0,0,0
2012,3,11 to 15,1012.3,0,0,0,0,7.3,11.7,3.4,13.6,2.9,47,14,43.4,19.1,0,0,0,3,0,0,0,0
2012,3,16 to 20,1009.3,25,24,4,1,8.3,11.5,5,12.2,3.3,59,19,24.4,12.5,0,0,0,7.3,0,0,0,0
2012,3,21 to 25,1004.5,14.5,11,2,0.5,9.1,12.8,5.6,14.8,4.2,52,15,23.6,12.4,0,0,0,5.6,0,0,0,0
2012,3,26 to 31,1012.6,8,8,5,1.5,11.7,16.3,7,19.4,4.4,45,18,44.2,17.1,0,0,0,4.4,0,0,0,1
2012,4,1 to  5,1006.1,21.5,21.5,7.5,4,12.3,16.7,8.2,20.8,5.8,43,14,43.2,19.6,0,0,0,3.1,0,0,0,2
2012,4,6 to 10,1012.2,0.5,0.5,0.5,0.5,12.4,17.3,7.9,23.8,5.1,42,18,45.9,22.8,0,0,0,4.4,0,0,0,3
2012,4,11 to 15,1005.4,52,32,7,2,14.4,18.7,10.9,23,8.7,70,23,26.2,14.6,0,0,0,8.1,0,0,0,4
2012,4,16 to 20,1015.4,1.5,1.5,0.5,0.5,14.1,18,11,19.9,8.6,67,41,17,14.2,0,0,0,8.1,0,0,1,0
2012,4,21 to 25,1014.5,15.5,9,2,0.5,14.6,18.1,11.9,24.3,9.3,76,43,12.3,11.7,0,0,0,9.2,0,0,1,0
2012,4,26 to 30,1011.4,27.5,26.5,4,1,18.9,22.3,16.3,26,14.9,78,46,17.8,14.2,0,0,0,8.9,0,0,0,0
2012,5,1 to  5,998.8,164,121.5,17,4,19.4,22.2,17.1,26.2,16,79,30,15.8,11.7,0,0,0,9,0,0,0,0
2012,5,6 to 10,1004.2,12,7.5,3.5,1,19,23.8,15.2,26.2,14,67,35,33.6,18.1,0,0,0,5.6,0,0,3,0
2012,5,11 to 15,1006,11.5,11.5,3.5,1,17.8,22.1,14.1,24.6,11.9,54,22,42.9,21,0,0,0,5.7,0,0,0,0
2012,5,16 to 20,1004.8,4.5,4.5,2,1,20.8,25.5,16.7,27.2,14.7,57,20,36,22.1,0,0,0,7.1,0,0,1,0
2012,5,21 to 25,1008.6,33,33,5.5,1.5,19.2,22.9,15.8,27.1,13.1,72,34,24.6,15.7,0,0,0,9.4,0,0,1,0
2012,5,26 to 31,1011.7,6,5.5,5,4,21,25,17.5,27,16.5,64,24,42.5,21.6,0,0,0,8.2,0,0,1,0
2012,6,1 to  5,1010.3,2,1.5,1.5,1,21.4,25.2,18.5,26.5,17,70,36,23.2,17.4,0,0,0,8.5,0,0,1,0
2012,6,6 to 10,999.1,35.5,29.5,5,1.5,21,24.7,18,27.9,17.1,75,44,24.1,16.4,0,0,0,8.5,0,0,0,0
2012,6,11 to 15,1007.2,13.5,11.5,3.5,1,18.6,22.3,16,24.8,15.2,73,52,17.3,14.2,0,0,0,9,0,0,0,0
2012,6,16 to 20,1002.3,86,72.5,20.5,5,23.8,26.9,21.2,30.2,19.3,77,52,13.4,13.8,0,0,0,9.3,0,0,0,0
2012,6,21 to 25,1004.2,48,48,30,6.5,21.6,24.1,19.4,26.5,17.1,75,54,6.4,11.7,0,0,0,9.9,0,0,0,0
2012,6,26 to 30,1010.3,0,0,0,0,21.9,25.7,18.5,27.5,15.8,66,36,40.9,23,0,0,0,8.1,0,0,0,0
2012,7,1 to  5,1001.5,27.5,9,4,1,23.9,27.6,21.2,29.4,19.3,77,56,17.3,15.6,0,0,0,9.1,0,0,0,0
2012,7,6 to 10,999.9,37,23,12.5,4,24.5,28.1,21.5,31,19.9,78,47,28.4,16.9,0,0,0,7.5,0,0,0,0
2012,7,11 to 15,1002.3,54.5,41,18.5,7.5,27.8,31,25.1,33,23.5,76,48,28.2,18.8,0,0,0,9.3,0,0,1,0
2012,7,16 to 20,1008,7,7,3,2.5,27.3,31.4,24,35.1,18.2,72,44,35.3,19.7,0,0,0,7.9,0,0,1,0
2012,7,21 to 25,1009.6,4,4,3.5,3,24.6,27.8,21.3,33.2,17.4,77,53,11.9,13.8,0,0,0,9.7,0,0,0,0
2012,7,26 to 31,1005.8,0,0,0,0,29.8,33.9,27.1,35.4,26.5,71,42,60.2,24.1,0,0,0,6.9,0,0,0,0
2012,8,1 to  5,1009.2,0,0,0,0,29.6,33.6,26.9,34.7,26.1,70,40,36.5,20.3,0,0,0,6.3,0,0,0,0
2012,8,6 to 10,1002.1,15.5,15.5,8.5,3,27,30.6,24.2,32.4,22.9,70,47,29.6,17.4,0,0,0,7.8,0,0,1,0
2012,8,11 to 15,1004.9,1.5,1,1,0.5,28.8,32.2,26.2,34.5,25.2,75,52,21.1,15.8,0,0,0,8.5,0,0,0,0
2012,8,16 to 20,1010.1,8,8,6.5,5.5,29.3,33.4,26.4,35.7,25,70,45,38.5,19.7,0,0,0,6.3,0,0,2,0
2012,8,21 to 25,1012.5,0,0,0,0,29.9,34.3,26.9,35.2,26.5,66,40,54.4,24.2,0,0,0,2.8,0,0,0,0
2012,8,26 to 31,1010.3,0,0,0,0,29.8,34.3,27.1,35.6,26.7,67,39,55.9,21.3,0,0,0,6.3,0,0,0,0
2012,9,1 to  5,1011.2,45,22.5,12,12,27.3,31,24.2,33.2,23.7,75,49,22.1,14.5,0,0,0,9.2,0,0,3,0
2012,9,6 to 10,1013.2,2,2,1.5,0.5,28.1,32.5,25.2,33.1,23.7,71,45,35.8,17.4,0,0,0,7.2,0,0,1,0
2012,9,11 to 15,1009,0,0,0,0,28.5,32.9,25.6,33.8,24.4,65,39,48.4,20.3,0,0,0,5.9,0,0,2,0
2012,9,16 to 20,1009.3,53.5,36,24.5,16,27.7,30.9,24.9,31.8,23.6,77,49,23.9,13.9,0,0,0,8.1,0,0,2,0
2012,9,21 to 25,1007.4,101,45.5,21,10.5,22.2,25,19.7,28.1,18,80,50,10.8,7.8,0,0,0,9.3,0,0,2,0
2012,9,26 to 30,1008.7,13,13,10.5,7,23.2,26.6,20.2,29.5,18.4,69,49,23.4,13.3,0,0,0,8.9,0,0,0,0
2012,10,1 to  5,1004.6,43,30,27,13.5,23.5,27.1,20.7,31,18.3,73,44,26.3,12.8,0,0,0,7.8,0,0,1,0
2012,10,6 to 10,1013.2,22,13.5,11.5,7,20.2,23.5,17.5,27.9,15.6,70,47,18.8,11.7,0,0,0,8.5,0,0,0,0
2012,10,11 to 15,1010.4,0,0,0,0,20.3,23.9,17,25.7,16.2,58,30,27.3,13.5,0,0,0,7.5,0,0,0,0
2012,10,16 to 20,1012.5,54.5,21.5,9.5,4,17.8,21.6,14.2,23.4,12.5,66,37,27.8,12.2,0,0,0,5.6,0,0,0,0
2012,10,21 to 25,1012.5,6,6,3,3,18.6,22.8,14.5,25.5,13.6,58,27,27.1,11.7,0,0,0,5.3,0,0,0,0
2012,10,26 to 31,1012.6,29,20.5,8,3,16.6,19.8,13.7,22.7,11.8,63,31,29.3,10.3,0,0,0,6.4,0,0,0,0
2012,11,1 to  5,1012.3,0,0,0,0,14.5,18.8,11.4,21.5,10.6,50,24,32.3,11.7,0,0,0,4.2,0,0,0,0
2012,11,6 to 10,1008.4,41,41,12,3.5,15.7,19.5,12.6,20.6,10.4,62,31,28.2,10.6,0,0,0,5.3,0,1,0,0
2012,11,11 to 15,1005.8,17,14,4,1,13.7,17.5,10.8,19.2,8,63,22,23.6,8.9,0,0,0,5.8,0,0,0,0
2012,11,16 to 20,1009.2,60.5,60.5,19.5,6,12,15.9,8.3,17.9,5.7,57,31,28.7,9,0,0,0,4.5,0,0,0,0
2012,11,21 to 25,1011.9,5.5,5,2.5,0.5,10.5,13.6,7.8,15,6.1,58,27,24.9,8.5,0,0,0,7.4,0,0,0,0
2012,11,26 to 30,1009.9,30,26,13.5,4.5,9.5,12.8,6.7,16,4.4,62,29,15.6,6.3,0,0,0,7.7,0,0,0,0
2012,12,1 to  5,1011.2,5,2.5,1.5,1,7.9,11.1,4.9,13.7,3.3,64,31,14.8,6.1,0,0,0,6.5,0,0,0,0
2012,12,6 to 10,1004,0,0,0,0,8.3,13.9,4.3,18.4,1.2,40,16,42.6,11.6,0,0,0,1.1,0,0,0,0
2012,12,11 to 15,1016.1,2,2,1,0.5,7.1,11.2,3.3,12,1.5,46,17,33.3,9.3,0,0,0,3.4,0,0,0,0
2012,12,16 to 20,1010.6,2,1.5,0.5,0.5,8.6,12.5,5.2,18.2,3,50,19,28.4,8.7,0,0,0,5.5,0,0,0,0
2012,12,21 to 25,1011.1,16.5,16.5,5.5,2,6.1,9.8,2.6,11.4,0.1,51,16,23.3,7,0,0,0,5.4,0,0,0,0
2012,12,26 to 31,1012.5,43.5,40,11.5,2.5,6,9,2.8,11.5,0.5,58,24,24.5,7,0,0,0,6.1,0,0,0,0
2013,1,1 to  5,1013.6,0,0,0,0,5.6,9.1,2,14.4,0.2,39,18,33.7,10.2,0,0,0,3,0,0,0,0
2013,1,6 to 10,1011.4,0,0,0,0,5.8,9.8,2.1,11.4,-1.4,52,25,30.6,9.9,0,0,0,5.2,0,0,0,0
2013,1,11 to 15,1013.2,64,64,8.5,1.5,5,9.7,1.3,13.5,0.7,53,23,31.7,9.5,8,8,8,4.6,1,0,0,0
2013,1,16 to 20,1014.3,0,0,0,0,4.5,8.1,0.7,10.4,-0.3,47,17,38.2,11.5,0,0,5,3,0,0,0,0
2013,1,21 to 25,1009,6,3,1.5,0.5,6.4,10.3,3.1,13.4,2.5,59,19,24.6,9.2,0,0,0,6,0,0,0,0
2013,1,26 to 31,1013.8,0,0,0,0,5.8,10.5,1.9,13.6,0.8,37,19,53.7,13.3,0,0,0,1.9,1,0,0,0
2013,2,1 to  5,1014.6,0,0,0,0,10.6,14.8,6.7,20.9,2.3,52,18,31,11.4,0,0,0,6.5,0,0,0,0
2013,2,6 to 10,1009.3,16,16,2.5,0.5,5,9.5,1.9,12.7,1.3,53,13,29.7,10.9,0,0,0,7.3,1,0,0,0
2013,2,11 to 15,1013.9,11.5,8.5,4,1,5.7,9.3,2.5,12.3,0.9,53,18,22.6,9.9,0,0,0,6.1,1,0,0,0
2013,2,16 to 20,1011.1,0.5,0.5,0.5,0.5,4.5,8.1,1.4,8.9,0.3,40,16,24.7,10.5,0,0,0,5.9,1,0,0,0
2013,2,21 to 25,1014.7,0,0,0,0,4.6,8.9,1,10.1,-0.5,33,13,46,17,0,0,0,2.6,0,0,0,0
2013,2,26 to 28,1014.3,2,2,1,0.5,7,11.3,2.7,15.7,1.3,60,24,19.7,13.7,0,0,0,5,0,0,0,0
2013,3,1 to  5,1009.1,17,16.5,13,4,8.8,12.5,4.8,17.6,3.2,48,14,27.9,13.6,0,0,0,6.3,0,0,0,0
2013,3,6 to 10,1006,0,0,0,0,14.5,21.2,7.9,25.3,4.5,45,19,41,16.2,0,0,0,3.1,0,0,0,0
2013,3,11 to 15,1013.4,12,7.5,4.5,3,10.7,15.5,6.3,21.2,3.8,48,17,44,18.4,0,0,0,5.5,0,0,0,0
2013,3,16 to 20,1006.9,3.5,1.5,1.5,1,16.2,20.2,12.1,25,7.1,57,20,38.9,17.9,0,0,0,5.8,0,0,0,1
2013,3,21 to 25,1004.6,5,5,4,1.5,11.9,15.4,8.4,18.6,6.7,56,20,26.1,13.7,0,0,0,7,0,0,0,3
2013,3,26 to 31,1013.1,7,5,2,1,10.9,14.2,8,20.5,5.5,70,19,12.2,9.1,0,0,0,9.9,0,0,0,4
2013,4,1 to  5,1009.6,113.5,60,15.5,4,14.2,17.7,10.2,22.5,6.9,70,36,26.1,14.3,0,0,0,7.7,0,0,0,0
2013,4,6 to 10,997.4,109,99.5,36,12.5,16.1,20.7,11.3,23.1,8,52,14,33.1,18.3,0,0,0,5.1,0,0,1,0
2013,4,11 to 15,1006.7,0.5,0.5,0.5,0.5,13.4,17.7,8.5,22.6,6,53,27,44.5,21.9,0,0,0,4.1,0,0,0,0
2013,4,16 to 20,1006,7.5,7.5,2.5,0.5,16.2,19.9,12,23.4,6,56,17,20.8,13.9,0,0,0,6.5,0,0,0,0
2013,4,21 to 25,1010.2,52.5,25.5,13.5,3,13.7,17.4,9.8,22.8,5.3,55,19,27.2,16,0,0,0,7.8,0,0,0,0
2013,4,26 to 30,1005.3,0,0,0,0,17.5,21.6,12.9,22.6,11.2,45,17,44.3,22.1,0,0,0,4.2,0,0,0,0
2013,5,1 to  5,1006,9.5,5,3,1,15.6,20.1,11.8,22.9,10.6,50,21,37,22.4,0,0,0,5.5,0,0,0,0
2013,5,6 to 10,1007.7,0,0,0,0,19,24.5,13.3,28.5,10.5,43,14,56.7,26.2,0,0,0,2.1,0,0,1,0
2013,5,11 to 15,1006.6,24,20,5,1.5,20.3,24.6,16.8,27.8,15.8,73,41,34.1,19.2,0,0,0,6.8,0,0,0,0
2013,5,16 to 20,1006,18.5,12,4.5,1.5,19.5,23.8,15.6,26.7,12.9,69,30,34.2,20.5,0,0,0,7.6,0,0,0,0
2013,5,21 to 25,1007.5,0.5,0.5,0.5,0.5,21.7,26.1,17.8,28.2,14.2,62,21,41.5,23.9,0,0,0,4.8,0,0,0,0
2013,5,26 to 31,1013.3,3.5,2.5,1,1,22,25.4,19.8,27.2,18.7,69,29,23.6,16.6,0,0,0,8.6,0,0,0,0
2013,6,1 to  5,1009.1,0,0,0,0,20.9,26.2,16.9,29.1,14.7,63,27,46.8,25.2,0,0,0,5.5,0,0,0,0
2013,6,6 to 10,1007.9,0.5,0.5,0.5,0.5,22.9,27,20.1,29.1,18.7,66,35,20.3,18.6,0,0,0,8.4,0,0,0,0
2013,6,11 to 15,1008.9,64,41,5.5,2,22.7,25.3,20.7,29.9,19.3,85,60,5.8,8.7,0,0,0,10,0,0,0,0
2013,6,16 to 20,998.5,36.5,26.5,6,2,24.7,27.4,22.1,30.2,20.7,80,60,11.5,11,0,0,0,9.9,0,0,0,0
2013,6,21 to 25,1002.6,18,13,3.5,1.5,23.1,26.5,20,27.9,18.7,78,53,15.5,14,0,0,0,9.4,0,0,1,0
2013,6,26 to 30,1005,40,37.5,8,2,23.1,26.6,20.2,28.5,19,74,35,24,18.1,0,0,0,9.2,0,0,0,0
2013,7,1 to  5,1005.8,2.5,2,1.5,1,24.8,27.5,22.8,28.9,22,75,43,10.4,13.5,0,0,0,9.5,0,0,0,0
2013,7,6 to 10,1005.4,12,7.5,7.5,6,29.7,35,26.2,35.4,25.7,71,45,53.3,25.9,0,0,0,5.5,0,0,2,0
2013,7,11 to 15,1005.1,36.5,36.5,27.5,12.5,29.9,34.7,26.1,35.1,22.5,67,35,34.6,20.6,0,0,0,9.4,0,0,1,0
2013,7,16 to 20,1006.5,11.5,10.5,4.5,1.5,25.4,29.8,22,31.8,21.1,70,43,22.9,17.9,0,0,0,8.7,0,0,1,0
2013,7,21 to 25,1003.4,26,24.5,21,15.5,26.3,30.2,23.6,35.2,21,76,44,20.7,14.3,0,0,0,9.6,0,0,1,0
2013,7,26 to 31,999.7,27,19.5,17.5,10,27.5,31.1,24.3,33.1,22.3,77,54,21.5,14.9,0,0,0,9.6,0,0,1,0
2013,8,1 to  5,1003.3,0.5,0.5,0.5,0.5,27.3,31.2,24.6,32.8,23,74,53,24,17.4,0,0,0,8.5,0,0,0,0
2013,8,6 to 10,1001.7,10.5,10.5,4.5,4,30.6,34.5,27.1,37.4,25.4,71,44,38.9,19.7,0,0,0,6.1,0,0,1,0
2013,8,11 to 15,1005.5,10,6.5,6.5,3,30.9,35.6,27.7,38.3,26.2,65,34,42.5,20.9,0,0,0,5.9,0,0,2,0
2013,8,16 to 20,1004.2,0,0,0,0,29.9,33.5,27.6,34.2,27.3,68,51,48.7,21.9,0,0,0,4.9,0,0,0,0
2013,8,21 to 25,1002.3,38,26.5,12.5,11,28.1,31.7,24.6,33.5,23.1,77,43,6.4,9.1,0,0,0,9.7,0,0,2,0
2013,8,26 to 31,1000.6,40,35.5,23.5,7.5,28.4,33,24.6,36.8,20.3,64,34,50.1,20.1,0,0,0,6.1,0,0,0,0
2013,9,1 to  5,1006.6,38,24,17.5,7,28.9,32.5,25.8,35.7,24.7,75,50,30,16.4,0,0,0,7.3,0,0,2,0
2013,9,6 to 10,1011.2,47.5,46,22,7,25.3,28.6,22.4,29.1,21.4,75,47,10.7,11.2,0,0,0,9.4,0,0,1,0
2013,9,11 to 15,1009.9,81.5,78,29,8.5,27.2,30.6,24.1,32.5,22.2,75,51,27.1,14.4,0,0,0,8.3,0,0,1,0
2013,9,16 to 20,1010.2,16.5,16.5,8.5,3,24.5,28.9,20.1,29.3,19.2,58,28,44.1,12.5,0,0,0,2.3,0,0,0,0
2013,9,21 to 25,1010.6,42,38,9,2.5,23.8,27.1,20.5,30.1,17.6,74,39,21.3,12,0,0,0,8,0,0,0,0
2013,9,26 to 30,1013.1,6,6,6,2,21.3,25.2,17.8,26.2,15.7,60,33,31,15.1,0,0,0,5.5,0,0,0,0
2013,10,1 to  5,1010.8,72,35,10.5,3.5,21.3,23.8,18.5,28.8,15.2,82,51,8.8,6.3,0,0,0,9.3,0,0,0,0
2013,10,6 to 10,1015.3,1,0.5,0.5,0.5,24.3,27.6,21.8,29.6,18.8,79,53,17.3,11.3,0,0,0,8.2,0,0,0,0
2013,10,11 to 15,1010.4,70,69.5,14.5,4.5,22.5,26.9,18.6,31.3,16,61,22,34.6,13.6,0,0,0,4.8,0,0,0,0
2013,10,16 to 20,1015.1,240,176.5,49.5,11,17.3,20.4,15,26,14.1,66,34,13.7,9.1,0,0,0,9.7,0,0,0,0
2013,10,21 to 25,1013,16,14,5,2,17.7,20,15.8,21.7,15.1,80,62,1.6,5.5,0,0,0,9.8,0,0,0,0
2013,10,26 to 31,1013.5,41,36,7,2.5,16.4,19.8,13.3,22.1,12,66,33,34.4,10.6,0,0,0,6.2,0,0,0,0
2013,11,1 to  5,1016.3,5.5,5,2.5,1,16.5,19.3,14.2,21,13.2,67,35,21.7,8.9,0,0,0,6,0,0,0,0
2013,11,6 to 10,1015.1,4.5,4.5,1.5,0.5,15.5,19.3,12,21.5,11,66,27,18.2,7.6,0,0,0,6.6,0,0,0,0
2013,11,11 to 15,1011.4,2,1.5,1.5,1.5,10.8,14.1,7.8,16.8,6.2,54,28,19.3,8.6,0,0,0,6.9,0,0,0,0
2013,11,16 to 20,1005.9,0,0,0,0,13.3,18.3,8.6,20.1,7.4,50,23,45.4,12.4,0,0,0,1.6,0,0,0,0
2013,11,21 to 25,1012.1,14,14,13.5,5.5,12.8,17.3,8.2,19.4,7.1,53,29,36.9,10.5,0,0,0,3.6,0,0,0,0
2013,11,26 to 30,1006,0,0,1.5,0,12.4,16.3,8.3,19.1,5.9,43,20,35.9,10.4,0,0,0,3.8,0,0,0,0
2013,12,1 to  5,1011.5,0,0,0,0,11.2,15.5,7.1,16.3,5.1,60,30,42.8,10.8,0,0,0,2.3,0,0,0,0
2013,12,6 to 10,1007.9,9.5,9.5,6.5,3,10,13.7,6.5,17.6,4.9,51,31,17.9,7,0,0,0,6.2,0,0,1,0
2013,12,11 to 15,1005.7,0,0,0,0,8.9,12.7,5.3,14.9,2.8,41,21,38.3,10.4,0,0,0,1.8,0,0,0,0
2013,12,16 to 20,1010.7,48,26.5,4.5,1.5,7.3,9.9,4.6,12,3.3,62,22,13.1,5.4,0,0,0,8.9,1,0,0,0
2013,12,21 to 25,1013.6,0,0,0,0,7,10.7,4.1,12.5,2.8,48,23,33.7,9.5,0,0,0,2.7,0,0,0,0
2013,12,26 to 31,1005.6,2,1.5,0.5,0.5,6,10.2,2.3,12.7,0.5,50,16,36,8.6,0,0,0,3.8,0,0,0,0
2014,1,1 to  5,1007.7,0,0,0,0,6.9,11,3.3,15.5,2.4,45,29,27.4,8.6,0,0,0,5.1,0,0,0,0
2014,1,6 to 10,1013.8,19.5,15.5,4.5,1,5.8,10.4,2.2,12.8,1.4,46,15,30,9.2,0,0,0,5.3,1,0,0,0
2014,1,11 to 15,1018.6,0,0,0,0,4.4,7.8,1.6,9.5,0.7,42,23,31.4,9.4,0,0,0,4.6,0,0,0,0
2014,1,16 to 20,1014.4,0,0,0,0,5,8.6,1.6,9.5,-0.2,43,22,40.3,11.5,0,0,0,4.1,1,0,0,0
2014,1,21 to 25,1013.6,3.5,2,2,0.5,6.8,11.5,2.4,12.6,1.8,48,24,32.1,10.6,0,0,0,4.9,1,0,0,0
2014,1,26 to 31,1012.5,1.5,1.5,1,0.5,8.7,13.6,3.5,15.9,1.1,47,21,42.9,11.4,0,0,0,3.4,0,0,0,0
2014,2,1 to  5,1007.5,5,5,1.5,0.5,7.3,12.1,3.5,17.8,-0.5,60,24,26,9.4,0,0,0,6.2,1,0,0,0
2014,2,6 to 10,1011.7,31,29.5,3.5,1,3.7,7.1,0.9,9.2,-0.9,50,23,22,10.3,22,22,27,8.7,2,0,0,0
2014,2,11 to 15,1014.6,96,67.5,10,3,3.7,6.7,1.4,8.2,-0.2,62,33,2.5,6.6,27,18,27,9.1,3,0,1,0
2014,2,16 to 20,1014,0,0,0,0,5.6,9.7,2.8,12.9,1.4,39,24,39.9,16,0,0,10,6.7,0,0,0,0
2014,2,21 to 25,1021.1,0,0,0,0,6.1,10,3,12.9,1.7,43,22,34.2,14.2,0,0,0,4.6,0,0,0,0
2014,2,26 to 28,1018.3,25.5,18,9.5,2.5,11.3,15.5,7,18.6,5.7,62,30,15.2,11.8,0,0,0,6.8,0,0,0,0
2014,3,1 to  5,1014.3,48,30,6.5,2,6.9,10.2,4.7,12.7,2.3,71,27,13.1,7,0,0,0,8.4,0,0,0,0
2014,3,6 to 10,1011,0,0,0,0,5.4,9.4,2.2,10.2,1.4,37,15,41.5,17.6,0,0,0,4.4,1,0,0,0
2014,3,11 to 15,1009.4,30.5,30.5,18.5,7.5,9.6,14.3,4.9,18.2,1.3,49,12,30.8,14.3,0,0,0,5.3,0,0,0,0
2014,3,16 to 20,1010.7,17,17,3.5,1,11.5,15.7,7.1,20.3,4.5,57,30,35.5,14.6,0,0,0,4.3,0,0,0,0
2014,3,21 to 25,1011.4,0,0,0,0,12.2,17.2,7.9,22.3,5.1,38,16,51.8,21.2,0,0,0,2.8,0,0,0,1
2014,3,26 to 31,1005.8,18,13.5,4.5,1.5,15.6,19.4,12.2,22.2,8.4,58,18,32.3,13.5,0,0,0,8,0,0,1,3
2014,4,1 to  5,1007.4,105,65,13.5,3.5,13.9,18,10.6,22,8.4,58,21,29,15.6,0,0,0,7.2,0,0,1,4
2014,4,6 to 10,1007.9,7,7,4.5,1.5,13.6,19.1,8.7,22.9,6.3,51,20,46.3,20.8,0,0,0,3,0,0,1,0
2014,4,11 to 15,1012.4,0,0,0,0,14.4,19.1,9.6,20.6,7.7,37,8,49.7,23.4,0,0,0,3.7,0,0,0,0
2014,4,16 to 20,1011.9,1,0.5,0.5,0.5,14.2,19.1,10.2,23.3,6.9,61,24,27.1,15.9,0,0,0,8.3,0,0,0,0
2014,4,21 to 25,1013.8,15,7,4,3,15.8,20.6,12,22.5,10,66,22,37.3,18.7,0,0,0,6.1,0,0,0,0
2014,4,26 to 30,1016.5,27,27,5.5,2,17.9,21.8,14.7,23.9,14.1,64,23,28.9,17,0,0,0,5.9,0,0,0,0
2014,5,1 to  5,1008.9,23,23,12.5,3,19.9,23.9,16.5,25.6,14.8,58,13,39.2,20.2,0,0,0,6.9,0,0,0,0
2014,5,6 to 10,1010.5,5,3.5,3,1.5,17.7,22.5,13.5,26.8,11.2,58,14,42.6,21,0,0,0,5.5,0,0,1,0
2014,5,11 to 15,1004.8,7,5.5,1.5,1,20.3,24.1,17.2,27.2,16.5,63,17,30.9,18.1,0,0,0,7.7,0,0,0,0
2014,5,16 to 20,1004.6,0,0,0,0,21.2,25.7,17.5,26.2,16.1,52,20,49.7,24.7,0,0,0,6.1,0,0,0,0
2014,5,21 to 25,1005.8,71.5,52,19,16,19.4,23.3,15.8,27.3,13.5,72,39,31.1,17.6,0,0,0,7.1,0,0,1,0
2014,5,26 to 31,1004.1,29,21.5,7.5,2,23,27.8,19.3,31.6,17.7,69,26,43,21.1,0,0,0,6.7,0,0,0,0
2014,6,1 to  5,1008.4,18,18,6.5,2,24.3,29.2,20.5,33.1,18.6,65,26,40.2,21.3,0,0,0,6.9,0,0,0,0
2014,6,6 to 10,1004.7,198,123.5,16.5,5,21,23.2,18.9,27.8,17.7,87,59,6.6,8.4,0,0,0,9.7,0,0,1,0
2014,6,11 to 15,997,30.5,16,5.5,2.5,23.6,27.5,20.4,30.3,20.1,72,26,36.4,18.9,0,0,0,5.8,0,0,1,0
2014,6,16 to 20,1001.6,0,0,0,0,24.4,27.8,21.7,29.8,21.4,66,36,36.6,20.5,0,0,0,8.4,0,0,0,0
2014,6,21 to 25,1002.7,16.5,6,4,3,23.3,26.4,21.3,27.8,20.6,78,53,9.9,11.7,0,0,0,9.8,0,0,2,0
2014,6,26 to 30,1003,48,27.5,11,6.5,23.4,27.1,21.1,28.9,20.3,81,54,13.3,13.5,0,0,0,9.7,0,0,1,0
2014,7,1 to  5,1004.5,10,5,1.5,1.5,23.9,27,21.1,30.3,20.1,78,40,17.1,14,0,0,0,8.5,0,0,0,0
2014,7,6 to 10,1003.9,19.5,9,5,1.5,25,28.1,22.1,31.5,20.6,80,46,18.5,14.5,0,0,0,9.1,0,0,0,0
2014,7,11 to 15,999.4,4,4,3,1,28.3,32.1,25.3,34.2,24.1,71,51,29.2,19,0,0,0,8.4,0,0,0,0
2014,7,16 to 20,1008.1,62,53,41,17,25.7,29.6,23.1,32.3,21.8,79,56,17.3,14.2,0,0,0,8.9,0,0,2,0
2014,7,21 to 25,1003.8,7,7,6.5,2,28.5,32.7,25.1,35.6,22.6,73,46,34.1,20.1,0,0,0,7.5,0,0,1,0
2014,7,26 to 31,1007,3,3,3,2.5,28.9,32.9,26,34.6,24.1,66,39,59.4,23.7,0,0,0,3.9,0,0,1,0
2014,8,1 to  5,1004.3,0,0,0,0,30.7,35,27.5,36.1,26.6,65,42,55.1,25.1,0,0,0,5.6,0,0,1,0
2014,8,6 to 10,1002.7,45,45,17,11,28.2,31.8,25.4,35.7,22.2,72,49,25.7,15.7,0,0,0,6.5,0,0,0,0
2014,8,11 to 15,1002.1,20,19.5,8,3.5,27.8,31.5,24.5,33.6,21.7,77,56,29,16.8,0,0,0,8.8,0,0,0,0
2014,8,16 to 20,1008.4,1.5,1.5,1.5,1.5,28.7,33,25.2,34.7,22.3,74,50,36.2,18.1,0,0,0,6,0,0,0,0
2014,8,21 to 25,1006.8,0,0,0,0,28.7,32.1,26.2,34.6,24.8,71,52,30.9,16.8,0,0,0,8.2,0,0,0,0
2014,8,26 to 31,1009.6,38.5,26,10,2.5,22.8,25.2,20.8,26.9,19.6,83,62,4,6.4,0,0,0,9.7,0,0,0,0
2014,9,1 to  5,1009.8,38.5,38.5,13.5,4,24.7,28,21.7,31.6,20,76,50,20.1,12.3,0,0,0,7.8,0,0,0,0
2014,9,6 to 10,1004.5,98.5,81,71.5,20,23.6,27,20.6,31.1,19.4,79,49,9.9,9.8,0,0,0,9.1,0,0,2,0
2014,9,11 to 15,1007.4,4.5,4.5,3,2,23.3,26.5,20.2,28.7,19.4,69,37,25.9,14.7,0,0,0,7.5,0,0,0,0
2014,9,16 to 20,1008.4,0,0,0,0,22.7,25.9,20,29.5,18.4,58,29,15.5,12.3,0,0,0,9.7,0,0,0,0
2014,9,21 to 25,1011.1,14,8.5,4,2,22.6,26.9,19,28.5,16.4,66,36,30.8,14.3,0,0,0,7.9,0,0,0,0
2014,9,26 to 30,1009.4,0,0,0,0,22.6,27.2,19.2,29.1,17.4,61,33,43.6,17.9,0,0,0,4.6,0,0,0,0
2014,10,1 to  5,1009.5,153.5,148.5,17,7,22,25.4,19.8,29.8,15.2,76,54,9.7,7.4,0,0,0,9.5,0,0,1,0
2014,10,6 to 10,1011.9,123.5,123.5,28.5,9.5,21,25.4,17.3,28.4,16.1,67,40,22,11.5,0,0,0,8.7,0,0,1,0
2014,10,11 to 15,1010.2,72,49,15.5,9.5,19.2,22.9,16.7,27.1,13.8,66,37,15.6,9.3,0,0,0,8.4,0,0,0,0
2014,10,16 to 20,1017.1,0,0,0,0,18.1,22.8,14.2,24.1,13.4,60,29,37.9,14.8,0,0,0,4.6,0,0,0,0
2014,10,21 to 25,1014.2,32.5,26,5,1.5,16.9,20,13.8,22.7,12.9,79,50,15.3,7.3,0,0,0,7.8,0,0,0,0
2014,10,26 to 31,1016.3,3,3,3,1.5,17.8,21.9,14.3,23.9,11.9,57,25,34.7,11.6,0,0,0,5.7,0,0,0,0
2014,11,1 to  5,1009.4,10,9.5,3.5,1.5,17.1,20,13.9,22.4,11.9,64,29,17.4,8.5,0,0,0,7.8,0,0,0,0
2014,11,6 to 10,1015.2,3.5,2,1,0.5,16.4,19.5,13.6,22.2,12.6,61,34,16.4,7.9,0,0,0,7.6,0,0,0,0
2014,11,11 to 15,1008.2,3,3,2,1,13.8,17.5,10.8,20.9,8.4,56,20,28.5,9.1,0,0,0,3.5,0,0,0,0
2014,11,16 to 20,1017.3,17.5,17.5,4.5,1,11.7,15.1,9.2,16.8,6.9,52,27,29.4,10.2,0,0,0,5.7,0,0,0,0
2014,11,21 to 25,1017.1,10,10,2.5,1,12.9,16.5,9.7,19.1,7.8,70,42,27.2,8.4,0,0,0,6,0,0,0,0
2014,11,26 to 30,1013.4,54.5,44,4.5,1.5,13,16,10.7,19.4,8.5,79,54,15.7,5.4,0,0,0,6.7,0,0,0,0
2014,12,1 to  5,1002.7,16,11,3.5,1,9.9,13.9,6.3,14.9,3,61,16,21.8,4.4,0,0,0,4.4,0,0,0,0
2014,12,6 to 10,1017.6,0,0,0,0,6.5,11.1,2.7,12.4,1.7,49,26,37.8,10.2,0,0,0,3.7,0,0,0,0
2014,12,11 to 15,1011.4,1.5,1.5,1,0.5,7.2,11.9,2.8,16.2,0.1,55,22,26.7,8.1,0,0,0,5.5,1,0,0,0
2014,12,16 to 20,1010.7,39,21,8,2,4.5,8,1.1,9.5,-1.3,56,18,27,8.1,0,0,0,4.1,1,0,0,0
2014,12,21 to 25,1010.2,0,0,0,0,6.8,11.7,2.8,12.6,1.4,51,17,32.3,9.3,0,0,0,3.9,0,0,0,0
2014,12,26 to 31,1012,5.5,5.5,3,1,5.4,9.7,1.3,12.9,-0.6,59,23,39.6,8.8,0,0,0,3.6,0,0,0,0
2015,1,1 to  5,1009,0,0,0,0,4.2,9.4,-0.3,12.9,-2.2,46,19,31.1,9,0,0,0,3.3,1,0,0,0
2015,1,6 to 10,1004.9,6.5,6.5,5,1.5,7.1,11.9,3.2,16,1.9,39,16,30.4,8.9,0,0,0,2.6,0,0,0,0
2015,1,11 to 15,1016.7,35.5,35.5,11,2.5,6,10.3,1.9,11.8,0.2,50,24,33.2,9.4,0,0,0,3.3,0,0,0,0
2015,1,16 to 20,1011.4,0,0,0,0,6.3,11.7,1.5,13.2,-0.7,46,18,41.3,11.7,0,0,0,2.6,0,0,0,0
2015,1,21 to 25,1016,19,7.5,2.5,1,5.2,8.5,2.4,12.8,0.9,66,33,14.3,6.3,0,0,0,7,1,0,0,0
2015,1,26 to 31,1014.5,31.5,16.5,6,1.5,5.8,10.4,2.2,16.4,-0.9,62,19,31.7,9.8,3,3,3,7.1,2,0,0,0
2015,2,1 to  5,1016.5,9,9,2,0.5,4.2,8.6,0.9,10.3,0.4,49,22,36.2,11.7,0,0,0,4.4,1,0,0,0
2015,2,6 to 10,1011.1,7.5,6,3,1,4,8.3,0,12,-2.4,61,23,24.1,9.5,0,0,0,4,0,0,0,0
2015,2,11 to 15,1006,0,0,0,0,5.6,11.7,0.3,13,-1.4,45,12,45.2,14.8,0,0,0,2.3,0,0,0,0
2015,2,16 to 20,1010.7,13.5,10.5,2.5,0.5,5.3,9.6,1.7,13.2,0.9,68,15,26.9,10.5,0,0,0,6.7,2,0,0,0
2015,2,21 to 25,1015.8,17.5,16,5.5,1.5,8.4,12.7,5.5,19.2,2,71,35,16.9,9.9,0,0,0,8.9,0,0,0,0
2015,2,26 to 28,1013.9,14.5,14.5,3,0.5,7.4,12,3.9,15.3,3,59,14,17.6,11.5,0,0,0,6.4,0,0,0,0
2015,3,1 to  5,1009.8,48,29,9,2,8.1,12.7,4.5,17.5,3.2,56,20,26.8,11.9,0,0,0,7.3,0,0,0,0
2015,3,6 to 10,1013.4,30.5,23,8.5,2.5,7.6,10.9,5,13.7,1.7,72,28,5.3,6.1,0,0,0,9.6,1,0,0,0
2015,3,11 to 15,1013.1,0,0,0,0,8.2,13.6,2.9,14.8,-0.4,43,18,41.9,16.5,0,0,0,4.1,0,0,0,0
2015,3,16 to 20,1013.6,15.5,10,3,0.5,12.8,17.9,9.5,21.7,7.3,78,39,18.7,12,0,0,0,8.3,0,0,0,0
2015,3,21 to 25,1014.2,0,0,0,0,10.1,16.2,5,18.7,2.7,46,14,41.6,18.8,0,0,0,4.4,0,0,0,1
2015,3,26 to 31,1017.3,0,0,0,0,13.9,20.8,7.5,23.6,4,48,14,59.9,20.6,0,0,0,2.3,0,0,0,3
2015,4,1 to  5,1012.2,9.5,8,1.5,1,13.3,17.4,9.2,20.6,6.5,75,38,11.1,8.6,0,0,0,9,0,0,0,4
2015,4,6 to 10,1018.5,34,20,3.5,1,9.2,13.8,5.8,22.9,2.4,78,36,16.6,10.7,0,0,0,9.3,1,0,0,0
2015,4,11 to 15,1014.9,68.5,36.5,6.5,2,12.3,16.2,9,21.4,8.4,79,28,18.5,11.6,0,0,0,8.7,0,0,1,0
2015,4,16 to 20,1009.6,14,10.5,3.5,1.5,15.8,20.8,9.8,24.9,6.8,68,34,26.1,14.7,0,0,0,7.7,0,0,0,0
2015,4,21 to 25,1013.4,3,2.5,1.5,1,17.3,22.7,12.7,24.8,11.2,65,25,29.7,17.5,0,0,0,8.3,0,0,0,0
2015,4,26 to 30,1014.6,0,0,0,0,19.3,24.9,14,27.2,12.4,63,33,47.5,22,0,0,0,4.3,0,0,0,0
2015,5,1 to  5,1008.8,0,0,0,0,20.5,26.2,15.7,27.6,13.1,60,17,46.9,23.1,0,0,0,4.9,0,0,0,0
2015,5,6 to 10,1009,0,0,0,0,19.3,24.9,14.6,27,11.6,58,16,33.2,18.3,0,0,0,6.8,0,0,0,0
2015,5,11 to 15,1008.4,58.5,58.5,34.5,8,21,26.2,16.2,28.6,12.1,53,12,43.1,22.8,0,0,0,6.2,0,0,0,0
2015,5,16 to 20,1003.2,12,4.5,2.5,2,21.4,25.8,18.2,27.8,16.6,76,21,22.8,15.7,0,0,0,9.8,0,0,0,0
2015,5,21 to 25,1007.4,8.5,8.5,6,2.5,20.8,26.2,15.7,27.1,13.4,60,22,44.1,22.6,0,0,0,7.7,0,0,1,0
2015,5,26 to 31,1005,9,9,3.5,2,23.2,28.8,18.6,32.2,16.9,64,13,50.5,22,0,0,0,6.3,0,0,0,0
2015,6,1 to  5,1004.8,43,27,6,2.5,22.1,26.2,18.7,29.1,14.2,61,22,33.7,18,0,0,0,8,0,0,0,0
2015,6,6 to 10,1008.8,57,33,9.5,3,20.4,25,16.3,27.8,13.4,75,39,23.6,17.2,0,0,0,9.3,0,0,0,0
2015,6,11 to 15,1005.8,6,4.5,2,0.5,23.1,27.8,19.7,30.8,18.9,78,42,23,16.1,0,0,0,9.9,0,0,0,0
2015,6,16 to 20,1005.4,52.5,31,31,14,21.5,25.2,18.9,27.2,17.2,80,41,11.8,12.3,0,0,0,9.9,0,0,0,0
2015,6,21 to 25,1008,20.5,20,15.5,6,22.9,27.4,18.7,29.9,18,77,43,28.5,17.9,0,0,0,7.2,0,0,1,0
2015,6,26 to 30,1001,16.5,13,3.5,1.5,22.5,27.1,19.5,31.4,18,79,36,16.7,14.4,0,0,0,9.4,0,0,0,0
2015,7,1 to  5,1001.7,107.5,67.5,12,4,21.5,23.7,20,25.9,19.1,96,75,0.2,4.7,0,0,0,10,0,0,0,0
2015,7,6 to 10,1011.8,37,14.5,2.5,1,21.2,24.3,18.6,28.9,17.6,92,57,9.3,9.5,0,0,0,9.2,0,0,0,0
2015,7,11 to 15,1005.7,0,0,0,0,28.2,33,23.7,34.3,21.1,69,42,61.9,27.2,0,0,0,4.9,0,0,0,0
2015,7,16 to 20,1007.2,78.5,63.5,28,9,27.7,31.5,24.6,34.8,22.8,79,47,19,15,0,0,0,8.8,0,0,0,0
2015,7,21 to 25,1007.7,11.5,7,7,4,28.4,33,25,34.9,24.7,74,43,42.9,21,0,0,0,5.8,0,0,1,0
2015,7,26 to 31,1005.4,0,0,0,0,29.8,34.5,26.4,35.8,25.6,72,42,48.5,19,0,0,0,6.6,0,0,1,0
2015,8,1 to  5,1008.1,0,0,0,0,30.1,35.1,26.2,35.3,25.7,71,47,54.7,24.3,0,0,0,2.2,0,0,0,0
2015,8,6 to 10,1009.5,1,1,1,1,29.2,34.3,25.7,37.7,24.7,69,42,30.8,18.4,0,0,0,6.7,0,0,1,0
2015,8,11 to 15,1002.3,3,2,2,1.5,28.1,32.9,25,35.5,24,77,45,21.8,15.6,0,0,0,8.3,0,0,0,0
2015,8,16 to 20,1007,49.5,33.5,11.5,4.5,27,30,24.8,31.9,23.6,82,52,14.4,11.1,0,0,0,9.4,0,0,1,0
2015,8,21 to 25,1003.7,3,2.5,2.5,2.5,25.4,29.1,22.6,32.7,18.2,76,51,14.6,11.8,0,0,0,9,0,0,0,0
2015,8,26 to 31,1008.8,47,35.5,10,3,21.4,23.2,19.7,27.3,17.9,92,61,1.3,4.8,0,0,0,10,0,0,0,0
2015,9,1 to  5,1008.1,33,14,8.5,5.5,25.3,29.6,22.8,31.5,21.4,83,50,16.5,11.9,0,0,0,9,0,0,2,0
2015,9,6 to 10,1005.7,337.5,156.5,34,15.5,22.2,24.7,20.1,27.5,18.7,97,66,0.2,3.7,0,0,0,10,0,0,2,0
2015,9,11 to 15,1010.4,0,0,0,0,23.6,28.2,20.2,29.5,18.8,73,45,31.1,15.9,0,0,0,6.2,0,0,0,0
2015,9,16 to 20,1009.9,84,74.5,14.5,5.5,21.4,25.1,18.4,29.3,16.1,80,40,16.3,11,0,0,0,9,0,0,1,0
2015,9,21 to 25,1010.8,44,43,6,2,21.2,25.1,18.5,28.5,16.1,74,34,25.5,13,0,0,0,7.9,0,0,0,0
2015,9,26 to 30,1012.5,5,5,1.5,1.5,21.8,25.9,18.7,27.8,17.3,68,22,23.7,13,0,0,0,7.9,0,0,0,0
2015,10,1 to  5,1012.4,29.5,22,19.5,7.5,20.7,25.1,17.1,28.1,14.8,67,38,22.7,12.2,0,0,0,8.2,0,0,1,0
2015,10,6 to 10,1008,0,0,0,0,18.6,23.1,13.9,25.5,12.1,54,23,40.4,15.5,0,0,0,3.6,0,0,0,0
2015,10,11 to 15,1011.6,15.5,15,7,2,18.7,22.9,14.9,24.2,13.7,66,35,32.5,13.3,0,0,0,6.1,0,0,0,0
2015,10,16 to 20,1014.7,12,7,2.5,1.5,18,22,15.3,24.3,14.6,82,37,22.5,9.4,0,0,0,7.2,0,0,0,0
2015,10,21 to 25,1014.4,0,0,0,0,17.5,21.8,14.6,23.9,13.1,64,22,28.8,12.4,0,0,0,5.8,0,0,0,0
2015,10,26 to 31,1014.2,0,0,0,0,17.2,21.5,13.2,26.1,10.3,61,28,34.4,11.4,0,0,0,6.5,0,0,0,0
2015,11,1 to  5,1022.2,38,38,12.5,3,14.3,19,10.3,21.3,9.5,70,31,35.3,11.4,0,0,0,4.8,0,0,0,0
2015,11,6 to 10,1017.1,22.5,14,3,2.5,16.6,20.4,13.3,22.9,10.5,84,39,11.7,5.9,0,0,0,7.6,0,0,0,0
2015,11,11 to 15,1021.7,26,17.5,5,1.5,14.1,17.3,12.1,20,10,74,41,11.8,6.8,0,0,0,8.9,0,0,0,0
2015,11,16 to 20,1015.8,23,13,3.5,1.5,16.1,19.9,13.1,23.7,11.4,79,51,18.3,7.8,0,0,0,8.5,0,0,0,0
2015,11,21 to 25,1019.1,9.5,7,2,0.5,12.8,16,9.9,20.8,5.5,73,38,12.8,5.7,0,0,0,8.2,0,0,0,0
2015,11,26 to 30,1014,20.5,20.5,6,1.5,9.7,14.1,5.6,15.7,3.9,66,17,30.2,9.5,0,0,0,4.9,0,0,0,0
2015,12,1 to  5,1010.8,2.5,1.5,1,0.5,10.1,14.3,6.4,16.2,4.4,63,27,27.2,7.9,0,0,0,4.1,0,0,0,0
2015,12,6 to 10,1024.7,5.5,5.5,3.5,1.5,8.8,12.5,5.1,13.1,2.8,57,31,25.5,8.5,0,0,0,6.3,0,0,0,0
2015,12,11 to 15,1012.9,65.5,64,18,4.5,12.1,15.9,9.3,24.1,6.9,71,40,11.2,5.4,0,0,0,9.1,0,0,0,0
2015,12,16 to 20,1016.4,0,0,0,0,9,13.2,4.5,17.4,2.1,50,26,36.5,9.9,0,0,0,3.4,0,0,0,0
2015,12,21 to 25,1015.6,9,5,2.5,1,9.6,13.6,6.3,15.9,5.5,59,30,20.8,7.2,0,0,0,7.3,0,0,0,0
2015,12,26 to 31,1017.3,0,0,0,0,7,11.2,3.5,12.5,1.9,45,22,40.8,10,0,0,0,4.1,0,0,0,0
2016,1,1 to  5,1015.5,0,0,0,0,8.8,14.5,3.7,16.2,2.6,54,24,42.1,11.2,0,0,0,3,0,0,0,0
2016,1,6 to 10,1012.3,0,0,0,0,7.9,11.9,4,12.9,2.4,54,30,31.5,9.4,0,0,0,4.7,0,0,0,0
2016,1,11 to 15,1011.6,0,0,0,0,5.3,9.7,1.2,11.4,-0.9,60,26,29.2,8.8,0,0,0,5,1,0,0,0
2016,1,16 to 20,1007,70,67,9,2.5,4.9,8.9,0.9,11.8,-0.7,59,15,31.9,9.8,6,6,6,4.2,1,0,0,0
2016,1,21 to 25,1012,0,0,0,0,4.3,8.8,0.6,10.3,-2.6,39,11,34.3,11.2,0,0,0,4.7,0,0,0,0
2016,1,26 to 31,1019.7,15,9.5,3,1,5.5,10.2,0.9,14,-1.3,61,20,32.5,9.1,0,0,0,4.6,0,0,0,0
2016,2,1 to  5,1016,0,0,0,0,5.7,9.9,1.7,13.3,0.6,54,22,30.5,11.6,0,0,0,6.6,0,0,0,0
2016,2,6 to 10,1012.1,0,0,0,0,5.7,10.8,1.9,14.7,0.6,52,19,33.9,12.8,0,0,0,4.1,1,0,0,0
2016,2,11 to 15,1013.5,13,12.5,5,1.5,10.8,16.7,6,23,1.5,61,23,21.7,9.8,0,0,0,7,0,0,0,0
2016,2,16 to 20,1016.2,40.5,40.5,8.5,2,7.1,12.4,2.5,16.5,1.1,54,17,34.6,12.8,0,0,0,3.9,0,0,0,0
2016,2,21 to 25,1019.4,2.5,1.5,1.5,0.5,6.5,10.3,3.8,15.7,0.4,61,27,6.5,7.2,0,0,0,9.1,2,0,0,0
2016,2,26 to 29,1017.8,1,0.5,0.5,0.5,7.7,13.4,2.8,15,0.1,55,21,32.9,15.2,0,0,0,3.5,0,0,0,0
2016,3,1 to  5,1021.2,0,0,0,0,8.4,14.3,3.8,16.4,1.1,47,16,42.7,16.9,0,0,0,3.8,1,0,0,0
2016,3,6 to 10,1015,55,31.5,6,2,11.6,15.4,8.4,20.8,3.6,82,54,11.2,7.4,0,0,0,8.8,0,0,0,0
2016,3,11 to 15,1016.3,37.5,37,4.5,1,6.2,8.9,3.5,14.1,2.9,68,29,12.9,8.7,0,0,0,8.1,0,0,0,0
2016,3,16 to 20,1013.4,10,7.5,3,1,13,18.3,7.8,21.4,2.9,59,9,28.5,14.6,0,0,0,7.7,0,0,0,0
2016,3,21 to 25,1013.1,0.5,0.5,0.5,0.5,9.3,14.6,5.3,18,2.5,53,21,29.9,15.7,0,0,0,5.8,0,0,0,1
2016,3,26 to 31,1016.6,0,0,0,0,12.1,17.4,7.6,20.2,5.1,55,24,36.7,16.8,0,0,0,7.6,0,0,1,3
2016,4,1 to  5,1015.6,17.5,8,2.5,1,12.6,16.7,8.8,21.9,7.7,77,40,5,7.5,0,0,0,9.7,0,0,0,4
2016,4,6 to 10,1009.3,33,33,7.5,1.5,15.8,22.1,10.7,23.9,7.3,69,24,24.9,14.7,0,0,0,9.2,0,0,0,0
2016,4,11 to 15,1011.2,21.5,20,5.5,1.5,13.6,18,9.4,21.4,5.1,59,17,30.4,16.1,0,0,0,7.2,0,0,0,0
2016,4,16 to 20,1012.8,6.5,6,5,1.5,17,22.4,12.5,26.8,9.8,59,20,36.8,18.2,0,0,0,6.8,0,0,0,0
2016,4,21 to 25,1010.1,19.5,13.5,11.5,5,17.1,21.7,13.2,23.7,12.1,70,26,20.5,15.2,0,0,0,9.9,0,0,0,0
2016,4,26 to 30,1005.5,22,22,4.5,1.5,16.7,21.1,12.9,25.1,10.5,67,23,31.6,17.8,0,0,0,6.7,0,0,0,0
2016,5,1 to  5,1009.9,13.5,13.5,11,4.5,20,25.1,15.6,27.4,11.9,60,16,40,22.4,0,0,0,6.5,0,0,0,0
2016,5,6 to 10,1009.9,27.5,19,4,1,19.5,24.1,16,27,15.2,67,14,23.6,15.9,0,0,0,9,0,0,0,0
2016,5,11 to 15,1012.6,5.5,5.5,3.5,1,20.3,26,15.4,28,12.5,64,21,47.3,24.2,0,0,0,7.1,0,0,0,0
2016,5,16 to 20,1014.4,31.5,31.5,9,2.5,18.8,23.5,14.3,27.6,13.1,65,22,28.5,17.5,0,0,0,7.1,0,0,0,0
2016,5,21 to 25,1012.1,0,0,0,0,22.1,28.1,16.7,30.9,12.8,56,21,46.4,22.3,0,0,0,5.8,0,0,0,0
2016,5,26 to 31,1005.3,59.5,36.5,13,3,20.2,24.6,16.4,27.9,15.1,81,37,19.1,14.3,0,0,0,8.4,0,0,0,0
2016,6,1 to  5,1005.5,3,3,2,0.5,20.5,25.4,16.2,27.2,14.2,55,17,42.2,22.3,0,0,0,5.9,0,0,0,0
2016,6,6 to 10,1011,7,6.5,2.5,1,21.2,24.9,18,28.8,16.3,80,43,16.4,13.2,0,0,0,8.9,0,0,0,0
2016,6,11 to 15,1005.6,98.5,98.5,16.5,3.5,22,25.7,18.9,29.1,17.9,77,26,22.3,14.2,0,0,0,8.9,0,0,0,0
2016,6,16 to 20,1005.8,19,7.5,5,1.5,24.3,28.9,20.4,33,19.4,73,22,31.6,19.3,0,0,0,7.9,0,0,0,0
2016,6,21 to 25,1002.3,22.5,10,3.5,3,23.3,26.1,21.3,28.7,20.9,85,56,5.8,6.8,0,0,0,9.6,0,0,0,0
2016,6,26 to 30,1009,24.5,23,10,2.5,22.7,26.6,19.7,30,17.1,80,40,20.8,14,0,0,0,8.6,0,0,0,0
2016,7,1 to  5,1009.3,1.5,1.5,1.5,1,26.3,31.4,22.8,35.4,20.2,78,50,26,16.7,0,0,0,8.4,0,0,1,0
2016,7,6 to 10,1008.1,12.5,12.5,4.5,1.5,24.8,29.9,21,36.7,20.2,82,39,30.7,16.7,0,0,0,7.9,0,0,0,0
2016,7,11 to 15,998.9,28.5,21,17,5.5,25.7,30,22.5,33.5,21,84,42,22.7,14.6,0,0,0,8.2,0,0,1,0
2016,7,16 to 20,1005.6,6,5,5,4,26.5,30.4,23.1,33.5,20.1,79,51,20,16.2,0,0,0,8.7,0,0,0,0
2016,7,21 to 25,1011.6,32,28.5,6.5,1.5,22.8,26.2,20.2,29,19,80,51,9.5,11,0,0,0,9.6,0,0,0,0
2016,7,26 to 31,1009.6,1,1,0.5,0.5,26.1,30.3,22.8,32.9,21.4,79,45,34.8,16.6,0,0,0,6.7,0,0,0,0
2016,8,1 to  5,1006.4,45,27,22.5,8,27.4,31.9,23.9,33.4,22.5,81,51,27,17.4,0,0,0,7.6,0,0,3,0
2016,8,6 to 10,1003.5,0,0,0,0,29.4,34.5,25.5,37.7,24.5,66,33,37.6,20.9,0,0,0,5.9,0,0,0,0
2016,8,11 to 15,1004.8,0.5,0.5,0.5,0.5,26.6,31.4,24.1,32.1,23.3,70,45,22.1,16.7,0,0,0,9.4,0,0,0,0
2016,8,16 to 20,1001.3,201,82,47.5,16.5,27.2,32.3,24.2,34.3,23,86,49,21.7,14.8,0,0,0,9.1,0,0,2,0
2016,8,21 to 25,1002.8,107,106.5,24.5,6,27,31.2,23.6,33.5,23.2,85,54,23.4,13.8,0,0,0,8.3,0,0,0,0
2016,8,26 to 31,996.2,60.5,40.5,14,3.5,25.5,29,22.3,32.8,21.3,82,47,24.7,12.1,0,0,0,6.9,0,0,0,0
2016,9,1 to  5,1010.4,3,3,2,1.5,27.2,31.9,23.7,33,22,76,39,36.5,18,0,0,0,5.6,0,0,0,0
2016,9,6 to 10,1003.6,16,11.5,8.5,6,27.2,31.4,24.4,32.5,22.6,81,48,22.6,14,0,0,0,8.7,0,0,0,0
2016,9,11 to 15,1013.5,63.5,34.5,19.5,5,23.5,25.9,21.5,27.7,20.6,89,65,0.9,6.1,0,0,0,10,0,0,0,0
2016,9,16 to 20,1008.9,118.5,91.5,18,4.5,22.6,24.7,20.5,29.4,17.6,93,65,5.3,5.8,0,0,0,9.8,0,0,0,0
2016,9,21 to 25,1015,83.5,56.5,16.5,5,21.1,23.7,19.2,28.4,17.6,94,66,3.5,6,0,0,0,10,0,0,0,0
2016,9,26 to 30,1012.6,2.5,2.5,2.5,2,24.7,28.6,21.8,30.6,18.8,83,41,10.6,10.1,0,0,0,9.5,0,0,0,0
2016,10,1 to  5,1012.9,4,2,1,0.5,22.9,26.9,19.5,32,17.6,83,41,16,9.3,0,0,0,9.2,0,0,0,0
2016,10,6 to 10,1012,42.5,32.5,18,5.5,21.9,25.4,18.9,31.3,17.4,67,32,14.3,8.8,0,0,0,9.2,0,0,0,0
2016,10,11 to 15,1018.8,0,0,0,0,16.9,20.7,13.9,23.2,11.8,66,36,23.2,11.3,0,0,0,7.1,0,0,0,0
2016,10,16 to 20,1015.8,30,24,7.5,2.5,19.7,24.1,16.1,27.7,12.7,78,35,23,10,0,0,0,6.9,0,0,0,0
2016,10,21 to 25,1012.8,1,1,1,0.5,16.4,19.7,13.3,22.3,10,65,33,22,10.3,0,0,0,7.2,0,0,0,0
2016,10,26 to 31,1016.1,19,18,4,1,15.3,19.5,11.2,25.7,9.6,70,32,21.1,8.2,0,0,0,8,0,0,0,0
2016,11,1 to  5,1014,14.5,10,3.5,1,13.2,17.3,9.7,19.5,8.4,67,29,28.8,9.9,0,0,0,5.5,0,0,0,0
2016,11,6 to 10,1017.5,7,5,4,1.5,11.1,15.3,7.9,20.8,6.1,59,31,26.2,10.2,0,0,0,5.5,0,0,0,0
2016,11,11 to 15,1016.3,55,49,12,2.5,13,17.1,9.8,19.3,5.7,86,49,15.5,7,0,0,0,7.7,0,0,0,0
2016,11,16 to 20,1015.9,18,18,9,3,12,16.2,8.3,20.4,6.1,71,35,24.6,8.3,0,0,0,6.4,0,0,0,0
2016,11,21 to 25,1014.8,27.5,23,3,1,9.3,13.6,6,19.3,0.3,80,40,16.1,5.9,0,0,0,8,1,0,0,0
2016,11,26 to 30,1018.9,17,9.5,5,1.5,9.9,13.4,6.7,14.3,3.2,65,34,20.9,8.2,0,0,0,7.1,0,0,0,0
2016,12,1 to  5,1016,14.5,10.5,5.5,1.5,11.3,16.4,7.1,18.3,5.7,69,30,33.1,9.8,0,0,0,8,0,0,0,0
2016,12,6 to 10,1011.2,0,0,0,0,9.3,14.4,4.9,17.4,3,54,30,36.2,10.1,0,0,0,3,0,0,0,0
2016,12,11 to 15,1012.7,40,37,11.5,2.5,7.5,11.6,3.6,15.3,2.6,54,29,26,8.3,0,0,0,5.4,0,0,0,0
2016,12,16 to 20,1019.1,0,0,0,0,7.9,13.6,3.1,15.7,0,56,30,37,9.7,0,0,0,3.5,0,0,0,0
2016,12,21 to 25,1016.2,18,10.5,8.5,2,10.9,15.8,6,20.2,4.5,65,35,27.8,8.3,0,0,0,4.9,0,0,0,0
2016,12,26 to 31,1015.4,11.5,11.5,9.5,3,6.8,11.5,2.7,18.8,0.7,57,25,33.6,8.6,0,0,0,4.7,0,0,0,0
2017,1,1 to  5,1014.5,0,0,0,0,7.6,13,3.3,14,2,53,30,41.3,10.9,0,0,0,1.7,0,0,0,0
2017,1,6 to 10,1011.3,26,20.5,4,1,5.6,9.5,2.1,12.7,0.1,65,32,28.6,8.9,0,0,0,4.7,0,0,0,0
2017,1,11 to 15,1002.7,0,0,0,0,4.4,9.4,0.5,12.7,-2.3,50,27,35.2,10.3,0,0,0,2.1,1,0,0,0
2017,1,16 to 20,1014.8,0,0,0,0,4.8,8.8,0.9,10.9,-2,54,20,33.1,9.7,0,0,0,4.8,1,0,0,0
2017,1,21 to 25,1013.9,0,0,0,0,4.5,9.8,-0.2,12.9,-1.9,42,15,44.6,13,0,0,0,1.9,0,0,0,0
2017,1,26 to 31,1015.8,0,0,0,0,7.8,13.6,3.2,19.5,-1.4,52,18,43.9,12,0,0,0,4.3,0,0,0,0
2017,2,1 to  5,1011.5,0,0,0,0,6.7,11.5,2.4,13.7,0.9,42,19,38.5,12.9,0,0,0,3.2,0,0,0,0
2017,2,6 to 10,1002.6,8.5,8,1.5,0.5,5.5,10.3,2,15.7,1,53,16,29.1,10.8,0,0,0,6,2,0,0,0
2017,2,11 to 15,1015.6,0,0,0,0,5.6,11.5,0.5,12.8,-1.6,38,17,43.6,15.9,0,0,0,1.8,0,0,0,0
2017,2,16 to 20,1010.2,6.5,6.5,4.5,1.5,8.9,15.2,3.2,20.6,1.3,53,20,36.2,13.8,0,0,0,5,1,0,0,0
2017,2,21 to 25,1011.2,0.5,0.5,0.5,0.5,8.1,12.2,4.4,16.3,1.1,50,22,27.1,12,0,0,0,6.9,1,0,0,0
2017,2,26 to 28,1019.9,0,0,0,0,6.8,11.3,3.6,14.2,3.2,59,27,19.2,13.8,0,0,0,5.8,0,0,0,0
2017,3,1 to  5,1011.3,14,9.5,2.5,1,8.2,13.3,3.7,16,1.4,68,25,28.3,12.7,0,0,0,6.8,0,0,0,0
2017,3,6 to 10,1003,1.5,1,1,0.5,7.5,12.4,2.9,14.8,0,54,21,33.3,14.2,0,0,0,4,0,0,0,0
2017,3,11 to 15,1012.4,4,2.5,1.5,0.5,7.6,11.3,4.8,13.2,3.1,66,23,18.9,11,0,0,0,8.2,0,0,0,0
2017,3,16 to 20,1016,0,0,0,0,10.6,16.8,4.3,18.7,1.9,43,13,45.9,19.4,0,0,0,5.2,0,0,0,0
2017,3,21 to 25,1011.5,25.5,25.5,4.5,1,9,14,5,15.7,3.4,54,22,34,16.1,0,0,0,7.8,0,0,0,1
2017,3,26 to 31,1014.4,40.5,21.5,3.5,1,8.2,12.7,4.3,17.8,2.4,72,28,29.9,12.6,0,0,0,7.2,0,0,0,2
2017,4,1 to  5,1016,7,5.5,1.5,1,10.2,15.4,5.6,20.7,4.5,66,34,37.6,18.6,0,0,0,6.3,0,0,1,3
2017,4,6 to 10,1012.9,19.5,9,3.5,1.5,14.7,18.3,11.8,21.6,6.9,78,27,16.5,10.3,0,0,0,9.5,0,0,0,4
2017,4,11 to 15,1007.7,46,46,8,1.5,13.7,19.1,8.6,24.2,6.4,61,25,38.7,18.7,0,0,0,6,0,0,0,0
2017,4,16 to 20,1003,30.5,17.5,8,2.5,18.2,25,12.7,26.1,10.9,59,17,41.6,20.7,0,0,0,6.5,0,0,0,0
2017,4,21 to 25,1014.2,15.5,15,5.5,3,14.8,19.7,10.7,21,8.8,66,27,27.2,17.3,0,0,0,7.4,0,0,0,0
2017,4,26 to 30,1005.6,3.5,3.5,1.5,1,16.3,21.6,11.7,24.3,10.2,65,25,37.2,20.4,0,0,0,5.9,0,0,1,0
2017,5,1 to  5,1017.6,1,1,1,0.5,17.8,24.1,13.4,26,11.3,60,18,50.8,23.8,0,0,0,5.4,0,0,1,0
2017,5,6 to 10,1008.3,4,4,1,0.5,19.6,24,14.8,28.2,13.6,71,33,28.5,18.1,0,0,0,8.3,0,0,0,0
2017,5,11 to 15,1007.6,27,27,6.5,1.5,19.2,23.8,15.8,28.3,14.8,81,40,19,13.5,0,0,0,8.8,0,0,0,0
2017,5,16 to 20,1010.2,1.5,1.5,1.5,1.5,19.2,24.3,15.2,28.7,14.5,73,40,35.7,19.8,0,0,0,6.4,0,0,1,0
2017,5,21 to 25,1008.5,1,1,0.5,0.5,22.5,27.5,18.4,30.9,17.6,70,34,40.5,21.3,0,0,0,6.4,0,0,0,0
2017,5,26 to 31,1005.9,14.5,14.5,3.5,1,21.5,26.4,18,29.1,17,75,45,42.4,19.8,0,0,0,8.1,0,0,0,0
2017,6,1 to  5,1000.3,19,15.5,11,5.5,21.3,26.9,17.1,29.1,15.3,58,21,40.8,22.5,0,0,0,6.2,0,0,2,0
2017,6,6 to 10,1007.6,0,0,0,0,21.9,26.3,18.6,30.6,15.4,70,36,24.6,17.5,0,0,0,9.5,0,0,0,0
2017,6,11 to 15,1006.7,13,9.5,2.5,1,19.9,24.3,16.6,26.3,14.8,72,31,19.5,16.2,0,0,0,9.1,0,0,0,0
2017,6,16 to 20,1007.6,12.5,11.5,3,2,21.9,27.5,17.4,30.5,16.5,71,26,44.1,22.3,0,0,0,7.4,0,0,0,0
2017,6,21 to 25,1002.8,55.5,45.5,9.5,4,23.6,27.1,20.5,30.2,19.1,78,40,23.9,15.5,0,0,0,8.4,0,0,0,0
2017,6,26 to 30,1008.7,6.5,3,1,0.5,23.4,26.3,20.8,29.1,19.9,86,58,5.9,10.4,0,0,0,9.7,0,0,0,0
2017,7,1 to  5,1004.3,18.5,15,6.5,1.5,26.1,30.2,22.5,32.5,20.9,83,56,14.5,13.9,0,0,0,9.8,0,0,0,0
2017,7,6 to 10,1007.9,0,0,0,0,27.2,32.3,23,33.7,22.8,75,47,56.9,25,0,0,0,3.6,0,0,0,0
2017,7,11 to 15,1008.4,0,0,0,0,28.3,32.8,25.1,33.7,23.6,76,45,46.7,24.5,0,0,0,5.3,0,0,0,0
2017,7,16 to 20,1006.3,10.5,10.5,10.5,7.5,27.9,33.2,24.2,35,22.7,76,42,30.5,18.7,0,0,0,8.7,0,0,2,0
2017,7,21 to 25,1004.3,0,0,0,0,28.7,32.1,26.3,33.7,25.8,75,53,25.4,16.9,0,0,0,8.1,0,0,1,0
2017,7,26 to 31,1006.1,52,35,11.5,4.5,26,30.5,23.1,33.5,22.5,84,56,15.1,11.8,0,0,0,9.4,0,0,1,0
2017,8,1 to  5,1007.2,7.5,6.5,4,1.5,25.4,29.3,22.1,31.9,20.2,83,60,4.7,10.3,0,0,0,9.8,0,0,0,0
2017,8,6 to 10,995.8,11.5,9,8.5,5.5,28.5,33.2,25.5,37.1,22.4,81,46,22.9,15.3,0,0,0,8.6,0,0,0,0
2017,8,11 to 15,1003.8,73,43.5,22.5,7,24.4,27.4,22.3,31.2,21,91,61,5,7.7,0,0,0,9.5,0,0,0,0
2017,8,16 to 20,1007.5,39,18.5,14.5,5.5,24.8,28.2,22.2,30.3,20.9,90,66,3.8,9.1,0,0,0,9.9,0,0,1,0
2017,8,21 to 25,1006.9,0.5,0.5,0.5,0.5,28.9,33.4,25.1,34.9,24.1,76,47,23.2,15.7,0,0,0,8.8,0,0,0,0
2017,8,26 to 31,1007.6,10,8,3,1.5,26.7,30.8,23.5,33.6,20,77,45,24.1,13.5,0,0,0,8.9,0,0,0,0
2017,9,1 to  5,1008.5,32.5,14.5,6,3.5,21.5,25.8,17.6,27.4,16.4,81,51,18.1,13.2,0,0,0,8.3,0,0,0,0
2017,9,6 to 10,1006.4,12.5,9.5,3,1,23.5,26.8,20.8,29.9,19.8,87,50,21.7,12.3,0,0,0,7.8,0,0,0,0
2017,9,11 to 15,1010.4,7.5,4.5,3,2,25.3,29.5,22,31.2,19.9,74,33,26.6,15.1,0,0,0,9.5,0,0,1,0
2017,9,16 to 20,1006.3,76,52,11.5,4,22.9,26.2,19.8,33.3,17.9,78,46,15.6,9.7,0,0,0,9.5,0,0,1,0
2017,9,21 to 25,1011.8,33,20.5,4.5,2.5,22.4,27,18.8,29.5,17.7,75,32,23,12.8,0,0,0,8.3,0,0,0,0
2017,9,26 to 30,1009.5,48,45.5,13.5,4,21.3,25.6,18.2,28.2,16,80,50,19.4,11.3,0,0,0,7.1,0,0,0,0
2017,10,1 to  5,1016.4,4,3.5,2,1.5,20.1,24,16.9,27.8,14.3,69,41,15.5,11.5,0,0,0,8.7,0,0,0,0
2017,10,6 to 10,1018.9,61.5,33.5,10,2.5,19.7,24.3,16.1,28.6,14,84,54,26.8,11.9,0,0,0,7.3,0,0,0,0
2017,10,11 to 15,1015.8,37.5,19,5,1.5,18,20.7,16.1,29,13.7,91,55,6.8,4.9,0,0,0,9.4,0,0,0,0
2017,10,16 to 20,1019.6,97,42,7.5,2,13.2,15.7,11.2,19.5,9.9,93,50,7.8,5.5,0,0,0,9.1,0,0,0,0
2017,10,21 to 25,1008.2,218.5,147.5,15.5,9.5,16.1,18.1,14.3,22.7,11.2,83,37,7.1,5.1,0,0,0,9.5,0,0,0,0
2017,10,26 to 31,1014.7,113,105.5,19.5,7,14.4,18.3,11,20.7,9.1,74,30,30.7,9.8,0,0,0,5.1,0,0,1,0
2017,11,1 to  5,1016,6,5.5,2.5,1,14.8,20.3,10.7,21.9,9.6,70,33,38.1,13.1,0,0,0,6,0,0,0,0
2017,11,6 to 10,1016.4,0,0,0,0,14.2,19.2,9.7,21.2,8,67,33,32.9,10.6,0,0,0,3.9,0,0,0,0
2017,11,11 to 15,1010.8,11,7,5.5,2,13,17.1,9.7,20.7,7.6,70,32,19.1,8.7,0,0,0,7.7,0,0,0,0
2017,11,16 to 20,1011.6,0.5,0.5,0.5,0.5,9.4,13.6,6,16.4,3.6,61,30,23.9,8.3,0,0,0,6.3,0,0,0,0
2017,11,21 to 25,1015.1,29,27,4.5,1.5,8.6,13.4,4.4,14.8,3.2,63,31,28.5,9.6,0,0,0,5.6,0,0,0,0
2017,11,26 to 30,1017.9,0.5,0.5,0.5,0.5,11.7,16.2,7.2,19.2,3.5,71,27,20.2,7.2,0,0,0,7.1,0,0,0,0
2017,12,1 to  5,1013.7,0,0,0,0,8.5,12.2,5.1,14.5,4.4,69,33,27.2,8.5,0,0,0,5.3,0,0,0,0
2017,12,6 to 10,1011.9,4.5,4.5,2.5,1,6.4,11.2,2.1,13.3,1.2,63,30,34.5,9.6,0,0,0,3.6,0,0,0,0
2017,12,11 to 15,1012,0,0,0,0,6.7,11,3.2,16,1.6,45,20,34.2,9.8,0,0,0,4.3,0,0,0,0
2017,12,16 to 20,1015.7,0,0,0,0,6.1,10.9,1.6,13.3,-0.2,52,28,38.9,10.2,0,0,0,3.9,0,0,0,0
2017,12,21 to 25,1015.5,10.5,10.5,6.5,2,6.9,12.1,2.6,15,0.7,64,30,31.4,9.1,0,0,0,3.9,0,0,0,0
2017,12,26 to 31,1011.6,0,0,0,0,5.5,9.8,1.9,12.6,1,47,23,44.9,10.1,0,0,0,2.9,1,0,0,0
2018,1,1 to  5,1011.7,0,0,0,0,5.1,9.7,0.9,13,0,48,21,35.1,10.3,0,0,0,2.6,0,0,0,0
2018,1,6 to 10,1006.9,9.5,8,2,0.5,6.5,11.7,1.9,16,-1.4,53,23,32,9.5,0,0,0,4.7,1,0,0,0
2018,1,11 to 15,1018.1,0,0,0,0,3.8,9.1,-0.5,12.4,-1.6,44,17,44.8,12.3,0,0,0,1.3,0,0,0,0
2018,1,16 to 20,1013.3,15,15,6.5,2,7.4,11.6,3.8,13.7,1.4,69,33,20.9,7.8,0,0,0,6.7,0,0,0,0
2018,1,21 to 25,1007.9,24,24,4.5,1,2.9,7.7,-0.9,12,-4,59,18,36,10.7,23,23,23,4,2,0,0,0
2018,1,26 to 31,1010.7,0,0,0,0,2.6,7.2,-1.3,9.7,-3.1,49,23,37.3,11,0,0,7,4.3,1,0,0,0
2018,2,1 to  5,1014,15,9,1.5,0.5,3.8,7.2,1,9.8,0.5,70,31,18.1,8.3,1,1,1,7.4,3,0,0,0
2018,2,6 to 10,1014.4,1.5,1.5,1.5,1,4.3,9.6,-1,11.9,-1.8,46,14,42.2,14.6,0,0,0,2.8,0,0,0,0
2018,2,11 to 15,1008.3,0,0,0,0,6.5,12.1,1.5,15.1,-1.2,44,18,37,13.8,0,0,0,5.1,0,0,0,0
2018,2,16 to 20,1011.8,0,0,0,0,5.8,11,1.4,12.4,-1.8,47,19,40,14.9,0,0,0,6.3,0,0,0,0
2018,2,21 to 25,1017.8,2.5,2,1,0.5,5.1,9.1,2,14.4,0.5,69,29,11.3,8.2,0,0,0,7.1,2,0,0,0
2018,2,26 to 28,1018.5,1,1,1,1,7.6,12.8,3.7,14.7,3.3,63,31,18.7,13.9,0,0,0,5.9,0,0,0,0
2018,3,1 to  5,1006.4,63.5,48,18.5,7.5,12.2,18.4,6.2,21.2,3.2,59,21,38.5,14.8,0,0,0,3.9,0,0,1,0
2018,3,6 to 10,1017.7,88.5,58,14,6,7.7,12,4.3,17.5,2.8,73,42,11.5,8.3,0,0,0,8,0,0,0,0
2018,3,11 to 15,1016.8,0,0,0,0,12.2,18.6,6.4,22.1,5.2,61,24,45,17.8,0,0,0,3.2,0,0,0,0
2018,3,16 to 20,1016.8,14.5,10,2.5,1,10.7,14.9,5.9,18,3.1,69,32,15.7,9.9,0,0,0,8,0,0,0,1
2018,3,21 to 25,1010.5,53.5,31,6,2.5,9.9,15.2,5.5,19.3,1.7,75,21,24.1,13.3,0,0,0,7.9,1,0,0,3
2018,3,26 to 31,1015.8,0,0,0,0,15.4,21.3,10,24.2,8.2,57,16,63.2,21.1,0,0,0,3.1,0,0,0,4
2018,4,1 to  5,1013.7,0,0,0,0,17,22.3,12.5,26.2,9.6,70,31,38.4,18.2,0,0,0,5,0,0,0,0
2018,4,6 to 10,1007.9,1,1,1,1,14.7,20,8.5,22.4,5.5,56,22,36.4,18.4,0,0,0,5.4,0,0,0,0
2018,4,11 to 15,1009.1,19,19,11.5,2.5,17.1,21.9,12.6,25.9,11.4,60,18,26.3,15.5,0,0,0,7.9,0,0,0,0
2018,4,16 to 20,1015.1,30.5,28,8,3,15,19.9,11.1,26.4,10.2,72,23,28.3,15.3,0,0,0,6.5,0,0,0,0
2018,4,21 to 25,1011.7,58.5,57,17.5,3.5,18.6,23.4,14.8,28.3,12.8,78,27,26.2,14.6,0,0,0,6.2,0,0,0,0
2018,4,26 to 30,1010.1,0,0,0,0,19.7,24.9,15.2,26.1,14,61,17,46.2,23.2,0,0,0,4.7,0,0,0,0
2018,5,1 to  5,1007,17.5,14,4.5,1.5,20.2,25.8,15.1,28.1,11.5,65,23,39,21.5,0,0,0,6,0,0,0,0
2018,5,6 to 10,1010.4,75.5,35,10,2.5,15.2,18.6,12,26.5,10,81,31,13.4,10.4,0,0,0,9.2,0,0,1,0
2018,5,11 to 15,1009.6,49,49,16,4,19.3,25.1,13.3,28.6,9,70,24,45.1,22.2,0,0,0,5.8,0,0,0,0
2018,5,16 to 20,1006,0,0,0,0,21.8,26.6,17.7,29,13.1,67,28,40.1,22.3,0,0,0,6.9,0,0,0,0
2018,5,21 to 25,1009.1,15,9,4,1,20.7,25.9,16.1,27.3,13.7,68,20,41.8,21.5,0,0,0,6.9,0,0,0,0
2018,5,26 to 31,1008.6,8.5,8.5,2.5,1,21.3,25.5,17.7,27.6,16.2,76,43,19.9,14.8,0,0,0,8.9,0,0,0,0
2018,6,1 to  5,1011.8,0,0,0,0,22.6,28.1,17.6,29.1,16.9,65,28,48,25,0,0,0,5.3,0,0,0,0
2018,6,6 to 10,1006.7,46,31,8,3.5,22.4,26.3,19.1,32,18.2,83,36,24.2,15.1,0,0,0,8.8,0,0,1,0
2018,6,11 to 15,1000.4,59.5,50,7.5,3,19.8,23.7,17.6,27,15.4,86,51,7.4,10.8,0,0,0,9.6,0,0,0,0
2018,6,16 to 20,1008.2,29.5,24.5,6.5,2,19.5,22.5,16.9,28.8,14.2,86,49,8.2,10.4,0,0,0,10,0,0,0,0
2018,6,21 to 25,1003.7,20.5,16,9.5,2.5,22.5,27,18.9,32.6,17.9,86,40,27.8,15.5,0,0,0,7.9,0,0,0,0
2018,6,26 to 30,1007.9,0,0,0,0,27.5,31.9,24.6,32.9,22.3,74,55,47.5,24.6,0,0,0,6.9,0,0,0,0
2018,7,1 to  5,1007.2,2,2,1,0.5,27.9,31.6,25.1,33.5,24,74,51,40.8,21.3,0,0,0,5.9,0,0,0,0
2018,7,6 to 10,1012.3,32,28.5,7,3,26,30.2,22.5,32.8,19.1,86,58,25.5,17.2,0,0,0,8.8,0,0,0,0
2018,7,11 to 15,1009,3.5,3.5,2,1,28.9,33.6,25.3,35.4,23.1,76,48,38.1,20.9,0,0,0,7.7,0,0,0,0
2018,7,16 to 20,1008,0,0,0,0,30,34.7,26.7,35.3,26.3,77,58,56.2,25.4,0,0,0,7.2,0,0,0,0
2018,7,21 to 25,1005.2,2.5,2.5,2.5,1.5,30.3,35.4,26.8,39,25.7,72,32,43.7,20.6,0,0,0,7.7,0,0,1,0
2018,7,26 to 31,1004.3,67,52,16,5,26.7,30.9,23.8,33.8,20.1,80,51,22.9,14.5,0,0,0,8.6,0,0,0,0
2018,8,1 to  5,1002.4,0,0,0,0,30.4,35.3,26.4,37.3,24.8,73,39,48.2,22.6,0,0,0,5.2,0,0,1,0
2018,8,6 to 10,999.5,49.5,41,5,2,26.3,30.1,23.6,34.5,20.8,86,61,17.8,12,0,0,0,8.8,0,0,0,0
2018,8,11 to 15,1007.6,11,10.5,9.5,6,28.5,33.2,25.5,34.1,23.9,82,59,33,17.7,0,0,0,9,0,0,3,0
2018,8,16 to 20,1008.3,0,0,0,0,25.3,29.1,21.1,32.3,18.3,63,29,37.7,20.3,0,0,0,7.7,0,0,0,0
2018,8,21 to 25,1009.1,7.5,7.5,4,2.5,29.3,33.7,26.1,35.6,23.7,77,54,40.5,20.1,0,0,0,6.6,0,0,0,0
2018,8,26 to 31,1008.2,18.5,16,16,7,28.4,33.5,24.8,36,23.5,78,47,40.2,17.6,0,0,0,7.8,0,0,2,0
2018,9,1 to  5,1005.2,40.5,14.5,8,5,25.1,28.4,21.8,32,20.7,88,56,11.4,9.1,0,0,0,9,0,0,1,0
2018,9,6 to 10,1008.4,38.5,38.5,15,4,27.5,31.5,24.7,33,21.4,76,49,29.5,16,0,0,0,8.9,0,0,0,0
2018,9,11 to 15,1016.9,26,14.5,3.5,2,21.4,24.5,19,27.3,18.1,84,54,8.1,9.2,0,0,0,9.9,0,0,0,0
2018,9,16 to 20,1010.8,107,40.5,38.5,16.5,22.6,27.6,19,31.2,15.4,84,38,25.7,14.6,0,0,0,8.7,0,0,1,0
2018,9,21 to 25,1010.9,52,36,6,2.5,21.9,25.4,19.2,28.6,15.6,90,51,10.4,8.2,0,0,0,9.5,0,0,0,0
2018,9,26 to 30,1011.7,101,38.5,12,4.5,18.5,22.3,15.7,27,14.1,93,39,11.6,7.7,0,0,0,8.3,0,0,0,0
2018,10,1 to  5,1012.9,27.5,18,19,8.5,21.6,24.8,18.5,32.3,17.5,74,33,22.1,11,0,0,0,7.6,0,0,0,0
2018,10,6 to 10,1011,0.5,0.5,0.5,0.5,23.5,27.7,19.5,32.3,17.9,76,42,29.6,13.2,0,0,0,6.8,0,0,0,0
2018,10,11 to 15,1015.8,9,7.5,3.5,1,18.7,21.1,16.6,23.7,13.2,80,55,1.8,5.8,0,0,0,10,0,0,1,0
2018,10,16 to 20,1012.6,10.5,9,5.5,2,17.4,21.5,14.3,22.3,13,77,49,17.1,10.6,0,0,0,8.3,0,0,1,0
2018,10,21 to 25,1017,2,1.5,1,0.5,16.7,20.9,12.9,22.7,11.6,69,30,35.3,13.1,0,0,0,4.7,0,0,0,0
2018,10,26 to 31,1008.9,12,12,4,1,17.2,22,13.4,24.4,11.8,70,31,33.1,11.5,0,0,0,5.4,0,0,0,0
2018,11,1 to  5,1019.7,1.5,1.5,1.5,1.5,15.4,19.4,11.9,21.9,10.1,69,30,28.4,11.3,0,0,0,5.8,0,0,0,0
2018,11,6 to 10,1018.1,44,35.5,13.5,4.5,17,20.4,14.5,22.8,13.1,86,44,17.8,7.8,0,0,0,8.2,0,0,0,0
2018,11,11 to 15,1014.2,2,1.5,1.5,0.5,14.6,17.9,11.5,20.1,8.7,69,37,24.9,9.5,0,0,0,5.9,0,0,0,0
2018,11,16 to 20,1015.1,9.5,8.5,6,3.5,13.3,17.1,9.8,19.5,8.1,72,34,22.9,9.3,0,0,0,8.2,0,0,0,0
2018,11,21 to 25,1017.1,5.5,4,3,1,10.5,14.3,6.9,16.3,5.8,66,30,25.8,9.1,0,0,0,6.7,0,0,0,0
2018,11,26 to 30,1017.1,0.5,0.5,0.5,0.5,13.1,17,9.3,18.1,7.1,70,32,31.2,9.9,0,0,0,6.6,0,0,0,0
2018,12,1 to  5,1018.4,0,0,0,0,13.9,17.9,10.1,23.4,7.7,64,37,17.3,6.9,0,0,0,8.6,0,0,0,0
2018,12,6 to 10,1015.8,18,18,8.5,2.5,9.1,12.1,6.6,16.4,4.1,68,32,8.9,5.8,0,0,0,8.4,0,0,0,0
2018,12,11 to 15,1018.9,22.5,15,6,1.5,6.1,9.5,2.8,10.8,1.4,62,29,18.4,6.8,0,0,0,5.6,0,0,0,0
2018,12,16 to 20,1012.2,2.5,2.5,1,0.5,7.1,11.4,3.3,14.1,0.4,67,33,29.8,8.5,0,0,0,4.5,0,0,0,0
2018,12,21 to 25,1016.2,1,0.5,0.5,0.5,8.4,11.6,5,13.7,2.6,65,30,24.9,7.5,0,0,0,6.4,0,0,0,0
2018,12,26 to 31,1013.6,0,0,0,0,5.9,10.4,1.4,13.2,-0.7,44,18,46,10.6,0,0,0,2.9,0,0,0,0
2019,1,1 to  5,1018.2,0,0,0,0,5.8,11.3,0.8,14,-0.3,52,24,44.3,11.7,0,0,0,0.6,0,0,0,0
2019,1,6 to 10,1015.1,0,0,0,0,4.4,8.3,0.7,10.6,-1.2,48,24,30.8,9.1,0,0,0,3.3,0,0,0,0
2019,1,11 to 15,1016.7,0.5,0.5,0.5,0.5,5.7,9.8,1.6,12.2,-0.2,62,29,27.4,8.6,0,0,0,4.6,1,0,0,0
2019,1,16 to 20,1010.4,0,0,0,0,6.6,11.3,2.1,12,1.8,45,20,41.9,12.2,0,0,0,2.5,0,0,0,0
2019,1,21 to 25,1009.3,0,0,0,0,5.9,10.5,2,11.2,-0.2,43,21,39.6,12.4,0,0,0,2,0,0,0,0
2019,1,26 to 31,1011.3,15.5,15.5,4,1,5.3,10.7,1.3,13.2,0,52,21,38.2,10.5,0,0,0,3.6,1,0,1,0
2019,2,1 to  5,1012.8,0,0,0.5,0,7.7,12.5,3.1,19.4,-0.9,53,27,36.3,12.5,0,0,0,3.1,0,0,0,0
2019,2,6 to 10,1013.3,17,15,6,1.5,5.1,9.2,1.9,16.5,-1.2,69,29,19.3,7.7,0,0,0,8.1,2,0,0,0
2019,2,11 to 15,1020.7,0,0,0,0,4.4,7.6,1.3,11.1,0,55,28,13.4,7.6,0,0,0,8.1,2,0,0,0
2019,2,16 to 20,1013.3,2,1.5,1.5,0.5,8.4,14.5,3.8,19.5,2,58,23,28.8,12.1,0,0,0,5.7,0,0,0,0
2019,2,21 to 25,1014.5,0,0,0,0,9.7,14.8,5.2,17.1,2.3,53,20,36.5,14.9,0,0,0,6.3,0,0,0,0
2019,2,26 to 28,1015.8,23,22.5,4.5,1,8.2,10.2,5.6,12.5,4,68,35,3.7,5.7,0,0,0,9.4,0,0,0,0
2019,3,1 to  5,1011.7,43,27.5,3.5,1,8.5,12.7,5.4,15.8,4.3,74,17,21.1,10.4,0,0,0,8,0,0,0,0
2019,3,6 to 10,1013.3,37.5,28,5.5,1.5,9.8,14.1,5.1,16.9,2.3,69,24,26.1,12.4,0,0,0,6.2,0,0,0,0
2019,3,11 to 15,1005.8,32,32,10,2.5,10.9,16.7,6.1,19.1,3.3,52,20,40.5,17.3,0,0,0,3.7,0,0,0,0
2019,3,16 to 20,1014.1,0,0,0,0,11.2,16.9,5.8,21.5,3.5,51,21,41.9,18.5,0,0,0,5.5,0,0,0,0
2019,3,21 to 25,1008,0,0,0,0,11.8,17.1,6.4,23.9,1.1,53,20,29.5,15,0,0,0,7.3,0,0,0,1
2019,3,26 to 31,1008,5,3.5,2.5,1,11.1,15,7.9,19.7,6.8,58,24,18.2,10.6,0,0,0,7.6,0,0,0,3
2019,4,1 to  5,1009.4,5.5,5.5,4,2,10,16.5,3.9,22.5,2.3,49,21,48.7,21.3,0,0,0,3,0,0,0,4
2019,4,6 to 10,1007,40.5,29.5,4,1.5,11.3,17,7,21.6,3.6,63,24,31.3,15.8,0,0,0,5.7,0,0,1,0
2019,4,11 to 15,1011.5,6.5,5,2,1,12.6,17.7,7.7,22.7,4.4,54,17,35,19.7,0,0,0,7.3,0,0,0,0
2019,4,16 to 20,1011.6,0,0,0,0,16.2,21.3,11.7,23.6,9.8,60,19,41.7,22.4,0,0,0,6.4,0,0,0,0
2019,4,21 to 25,1010.8,7,4,2,0.5,19,23.4,15.5,25.6,12.2,77,38,26.4,16,0,0,0,9.2,0,0,0,0
2019,4,26 to 30,1011.4,31,20,3,1,12.8,17.8,9.4,20,6,75,20,11.3,11.5,0,0,0,8.8,0,0,0,0
2019,5,1 to  5,1009,29.5,26,9,7,18.1,24.5,13.1,25.2,11,69,25,36.8,19.6,0,0,0,7.6,0,0,1,0
2019,5,6 to 10,1008.5,0,0,0,0,18,23.1,12.4,27.1,7.9,52,20,31.7,20.3,0,0,0,6.7,0,0,0,0
2019,5,11 to 15,1013.9,0.5,0.5,0.5,0.5,18.6,23.1,15,27.8,13.3,71,22,28.6,18.2,0,0,0,8.6,0,0,0,0
2019,5,16 to 20,1016.8,0,0,0,0,20.3,25.3,16.2,25.9,15.3,68,39,40.3,21.5,0,0,0,7.2,0,0,0,0
2019,5,21 to 25,1006.1,82,82,13.5,2.5,21.5,27.4,15.8,31.9,14.1,63,15,49.8,23.4,0,0,0,4.5,0,0,0,0
2019,5,26 to 31,1007.9,8.5,7.5,6.5,2,23,28.1,18.4,32.6,16.6,67,27,42.2,20.2,0,0,0,7.7,0,0,0,0
2019,6,1 to  5,1007.9,0,0,0,0,22.2,26.2,18.8,27.7,17.6,75,51,20,16.3,0,0,0,9.3,0,0,0,0
2019,6,6 to 10,1003.9,122,92.5,10.5,3,20.1,23.8,17.4,32.3,14.9,88,31,12.7,9.6,0,0,0,9.1,0,0,0,0
2019,6,11 to 15,1005.7,52.5,51,7,3,19.3,23.8,15.5,26.8,13.9,80,47,24.3,16.4,0,0,0,7.5,0,0,0,0
2019,6,16 to 20,1002,5,5,5,2,23.6,29,18.8,30.7,16.9,67,27,43.3,24.1,0,0,0,6.2,0,0,1,0
2019,6,21 to 25,1006.6,31.5,25.5,6.5,2,21.9,25.4,19.5,29.5,17.2,88,57,13.9,12.4,0,0,0,9,0,0,0,0
2019,6,26 to 30,1002.5,14,5.5,2,1,23.5,26.7,20.8,30.7,19,88,55,15.3,12.1,0,0,0,9.7,0,0,0,0
2019,7,1 to  5,1004.1,18,10.5,7,5,23.2,26.2,20.7,29.1,19,92,63,3,8.1,0,0,0,9.8,0,0,0,0
2019,7,6 to 10,1006.1,37,22.5,6.5,1.5,20.2,23.2,18.4,24.8,17.7,85,61,2.2,8.9,0,0,0,9.9,0,0,0,0
2019,7,11 to 15,1004.3,61,39,11.5,3,21.2,24.1,19.1,27.3,17.9,93,64,0.4,7.5,0,0,0,10,0,0,0,0
2019,7,16 to 20,1010.4,47,33.5,7.5,3,24.6,28.3,21.8,31.4,19,91,63,8.8,11.3,0,0,0,9.6,0,0,0,0
2019,7,21 to 25,1007.1,10.5,6,6,2,25.4,29.1,23,32.4,21.6,91,62,13.5,10.9,0,0,0,9,0,0,0,0
2019,7,26 to 31,1008.6,19.5,15,5,2,28.8,33.1,25.6,34.6,25,83,54,53.2,22.6,0,0,0,6.5,0,0,0,0
2019,8,1 to  5,1008.9,0,0,0,0,29.9,34.6,25.9,35.1,25.1,78,40,54.1,23.4,0,0,0,2.3,0,0,0,0
2019,8,6 to 10,1006.7,0,0,0,0,30.1,35.2,26.4,35.6,25.7,76,56,49.3,23.7,0,0,0,5.8,0,0,0,0
2019,8,11 to 15,1003.8,29,20,20,8,29.2,33.9,26.2,35.6,25.3,82,39,25.7,17.4,0,0,0,8.1,0,0,1,0
2019,8,16 to 20,1003,13.5,13,11,4.5,28.8,33.1,26.3,35.5,24.1,80,50,24.2,14.4,0,0,0,7,0,0,2,0
2019,8,21 to 25,1005.5,42.5,20,20,12.5,26.5,30.4,23.1,31.4,20.7,85,51,19.8,14.1,0,0,0,8.7,0,0,1,0
2019,8,26 to 31,1007.2,25,12,6,5,26.4,30.1,23.7,34.6,22.8,83,56,14.7,11.6,0,0,0,8.7,0,0,0,0
2019,9,1 to  5,1014.7,1.5,1.5,1.5,1,26.1,29.7,23.4,32.1,22.5,83,55,8.7,10.6,0,0,0,9.1,0,0,1,0
2019,9,6 to 10,1009.1,128,119,36.5,9,28.9,34.3,24.6,36.2,23.1,79,45,37.9,18.2,0,0,0,6.2,0,0,1,0
2019,9,11 to 15,1010.4,8,7.5,7.5,3,24.4,28.2,21.4,32.3,19.5,76,46,15.9,11.9,0,0,0,8.4,0,0,1,0
2019,9,16 to 20,1008.1,38,28.5,9,3.5,23,27.2,19.8,31.1,17.1,82,47,26.4,13.1,0,0,0,7.9,0,0,0,0
2019,9,21 to 25,1012.7,21.5,17,6.5,4,24,28.6,20.4,30.9,18.4,77,42,22.5,13.3,0,0,0,8.6,0,0,0,0
2019,9,26 to 30,1018.6,0,0,0,0,24,28.5,20.3,29.7,18.2,75,38,26.2,14.2,0,0,0,7.6,0,0,0,0
2019,10,1 to  5,1010.8,10,10,7.5,2.5,24.8,29.5,21,30.3,20.4,71,31,37,16.2,0,0,0,5.6,0,0,1,0
2019,10,6 to 10,1013.9,27,9,4.5,1.5,20.5,25.1,17.2,27.1,15,75,26,20.4,11.6,0,0,0,7.4,0,0,0,0
2019,10,11 to 15,1008.8,222,209.5,27.5,7,20.6,23.7,17.6,28.5,15.4,83,39,13.3,7.3,0,0,0,8.6,0,0,0,0
2019,10,16 to 20,1019.3,63.5,53.5,14.5,3,17.3,20.1,15.4,23.9,14.6,86,61,1.6,5.3,0,0,0,9.8,0,0,0,0
2019,10,21 to 25,1014.1,195,120.5,26,12.5,17.1,20.1,14.1,24.8,12.4,85,45,9.8,6.6,0,0,0,9,0,0,0,0
2019,10,26 to 31,1012.5,12,11.5,3,1,16.9,21.6,13.8,24.5,12.1,82,41,30.7,10.4,0,0,0,6.6,0,0,0,0
2019,11,1 to  5,1013.2,11.5,10.5,9,2.5,15.4,20.4,11.2,23.9,9,69,32,37.2,12.8,0,0,0,3.7,0,0,0,0
2019,11,6 to 10,1011.7,0,0,0,0,14.5,19.8,10.2,22.6,8.8,61,19,40.6,13.4,0,0,0,3.9,0,0,0,0
2019,11,11 to 15,1010.7,7,6.5,5.5,2,14.2,19,10.5,22.3,9.2,66,33,26.2,10.4,0,0,0,4.9,0,0,0,0
2019,11,16 to 20,1013.4,3,3,2,1,14,19.3,9.3,21.4,7.8,60,29,37.1,11.7,0,0,0,4.5,0,0,0,0
2019,11,21 to 25,1021.6,127.5,60.5,7,2,12.6,16.1,9.8,21.9,6.3,84,30,11.4,5.4,0,0,0,8.3,0,1,0,0
2019,11,26 to 30,1021.7,7.5,3.5,1,0.5,7.8,11.3,4.9,12.5,1.6,73,34,17.8,5.8,0,0,0,6.1,0,0,0,0
2019,12,1 to  5,1014.3,36,36,10,3.5,9.7,14.9,6.3,17,4.7,63,31,24.3,7.9,0,0,0,4.4,0,0,0,0
2019,12,6 to 10,1021.1,8,5.5,2,1,7.5,10.9,4.5,14.3,2.2,68,37,12.6,6.2,0,0,0,7.5,0,0,0,0
2019,12,11 to 15,1016.6,0.5,0.5,0.5,0.5,9.8,14.4,6.2,18.9,2.9,60,32,25,8.2,0,0,0,5.9,0,0,0,0
2019,12,16 to 20,1016.1,1,1,1,0.5,9.3,12.9,5.9,16.1,2.9,72,33,22.9,6.7,0,0,0,7.2,0,0,0,0
2019,12,21 to 25,1017.8,30,16.5,5,2,7.2,10.4,4.9,12.6,3.5,71,37,11.5,5.5,0,0,0,8.3,0,0,0,0
2019,12,26 to 31,1014.7,1,0.5,0.5,0.5,7.5,12.1,3.9,16.5,2.2,60,28,32.3,8.2,0,0,0,5.2,0,0,0,0
2020,1,1 to  5,1015.7,1,1,1,0.5,6.1,11.2,2.1,12.2,0.6,57,32,34.2,9.9,0,0,0,1.9,2,0,0,0
2020,1,6 to 10,1012.7,13.5,11.5,9,2.5,7.5,11.1,4.2,14.9,3.1,64,30,25.4,8.3,0,0,0,5.9,0,0,0,0
2020,1,11 to 15,1011.7,15,15,4,1,7.5,11.5,4.4,13.7,2.5,73,40,22.4,7.5,0,0,0,5.8,0,0,0,0
2020,1,16 to 20,1013,8.5,8.5,2,0.5,6.4,10.9,2.6,14.1,1.5,64,30,25.3,8.8,0,0,0,6.9,1,0,0,0
2020,1,21 to 25,1020.8,2.5,2.5,1.5,0.5,7.2,10.3,4.7,13.4,2,61,29,11.2,6.6,0,0,0,7.2,0,0,0,0
2020,1,26 to 31,1009.5,94.5,55.5,11,2.5,7.7,11.6,3.9,18.6,0.6,73,25,21.3,7.1,0,0,0,7.1,1,0,0,0
2020,2,1 to  5,1014,0,0,0,0,8.3,13.8,4.1,15.2,2.4,47,22,34,12.8,0,0,0,4.6,0,0,0,0
2020,2,6 to 10,1015.6,0,0,0,0,4,9,-0.2,12.7,-2.1,42,18,44,14.9,0,0,0,3.5,0,0,0,0
2020,2,11 to 15,1017.8,0,0,0,0,10.2,15.6,5.4,18.2,1.1,60,27,29.7,11.6,0,0,0,5.5,0,0,0,0
2020,2,16 to 20,1011.9,8.5,8.5,4,1,8.9,13.5,4.9,16.8,2.8,65,20,26.8,11.2,0,0,0,6.4,0,0,0,0
2020,2,21 to 25,1018.9,2.5,2.5,1.5,1,10.6,15.6,5.6,18.2,4.6,57,19,36,13.8,0,0,0,4.9,0,0,0,0
2020,2,26 to 29,1015.3,4,3,2,0.5,7.9,12,4.5,14.4,1.9,62,24,25.6,13.4,0,0,0,6.2,0,0,0,0
2020,3,1 to  5,1012.5,13,10,2,1,9.7,14.3,6.3,17.9,5.3,71,18,25.5,11.2,0,0,0,7.7,0,0,0,0
2020,3,6 to 10,1012.8,32,24.5,8,2,10.3,14.4,7.3,19.6,5.2,74,20,14.6,9.5,0,0,0,7.1,0,0,0,0
2020,3,11 to 15,1007,25,25,4.5,1,10.4,16.2,5.3,21.4,1.3,65,25,33.3,14.7,0,0,0,5.6,1,0,0,1
2020,3,16 to 20,1006.5,1,1,1,0.5,11.2,17.4,5.3,22,2.3,53,21,48.2,19.9,0,0,0,2.1,0,0,0,2
2020,3,21 to 25,1009.6,0,0,0,0,11.8,17.5,6.8,23.7,3.4,48,20,46.4,18.9,0,0,0,3.8,0,0,0,3
2020,3,26 to 31,1015.9,60,51.5,5,2,11,16.3,6.1,24.6,0.7,75,30,13.9,10.1,1,1,1,8.6,1,0,0,4
2020,4,1 to  5,1008.7,31,31,5,1.5,12.8,17.7,7.8,22.3,5.6,65,26,34.5,15.9,0,0,0,5.1,0,0,0,0
2020,4,6 to 10,1011.7,0.5,0.5,0.5,0.5,12.7,18.8,7.5,20.2,6.3,53,22,50.1,22.5,0,0,0,5,0,0,0,0
2020,4,11 to 15,1006.1,140.5,132,24,5,10.9,15.9,6.1,20.8,5.4,66,28,30.5,17.1,0,0,0,7.3,0,0,0,0
2020,4,16 to 20,1012.1,105.5,89.5,20,7,12.3,16.7,8.8,22.5,8.3,76,32,22.7,14.1,0,0,0,8.3,0,0,0,0
2020,4,21 to 25,1006.1,1.5,1,0.5,0.5,12.9,18.5,7.3,19.2,5.3,64,28,34.8,20.5,0,0,0,6.1,0,0,0,0
2020,4,26 to 30,1013.8,17.5,12.5,5.5,5,15.3,21.3,9.7,24.2,8,70,28,40.8,20,0,0,0,5.8,0,0,1,0
2020,5,1 to  5,1008.3,2,2,1,0.5,20.4,25.8,16.3,28.4,15.3,74,45,40.4,21.6,0,0,0,6.2,0,0,0,0
2020,5,6 to 10,1011.4,20.5,19,8.5,4.5,17.8,22.1,13.7,25.7,11,69,23,27.2,17.3,0,0,0,7.6,0,0,1,0
2020,5,11 to 15,1006.6,0.5,0.5,0.5,0.5,21.8,27.2,17,28.7,13.8,60,24,45.5,22.9,0,0,0,6.3,0,0,0,0
2020,5,16 to 20,1003.1,83.5,54.5,12.5,3.5,17.9,20.9,15,28.2,10.9,88,46,11.7,9.4,0,0,0,9.2,0,0,0,0
2020,5,21 to 25,1011.8,1.5,1,0.5,0.5,17.8,21.9,14.5,26.5,10.7,82,50,20.4,15,0,0,0,8.8,0,0,0,0
2020,5,26 to 31,1008.9,10,9.5,9,2.5,21,26,16.7,27.9,12.9,74,25,30.3,18.1,0,0,0,7.8,0,0,1,0
2020,6,1 to  5,1004.3,4,4,1.5,1,22.8,26.8,19.8,29.9,18.5,82,47,23.8,16.2,0,0,0,9.8,0,0,0,0
2020,6,6 to 10,1010.3,7,6.5,5.5,2,24.2,29.3,19.6,31.4,17.4,70,37,43.5,23.3,0,0,0,7.1,0,0,1,0
2020,6,11 to 15,1002.1,56.5,35.5,8.5,3,24,28.6,21.1,32.6,19.1,90,43,14.8,12.8,0,0,0,9.6,0,0,0,0
2020,6,16 to 20,1001.9,52,50,11,2.5,22.6,26.7,19.2,30.5,17.1,78,42,30.4,17.7,0,0,0,7.6,0,0,0,0
2020,6,21 to 25,1007.9,47.5,27.5,8,2.5,21.2,25,18.1,27.2,17.6,88,61,6,10.7,0,0,0,9.8,0,0,0,0
2020,6,26 to 30,1001.4,45.5,30,8.5,3.5,24.4,28.5,20.9,30.9,19.7,85,46,17.8,14.5,0,0,0,8.5,0,0,0,0
2020,7,1 to  5,1004,56.5,25.5,12.5,4,24.7,28.4,21.6,30.8,20,84,48,15.2,12.6,0,0,0,9.1,0,0,0,0
2020,7,6 to 10,1005.4,58.5,40.5,11,4,25.4,27.8,23.3,29.3,22.3,89,70,2,8,0,0,0,10,0,0,0,0
2020,7,11 to 15,1001.9,21,6.5,2,1,23.4,26.9,20.3,32.5,17.7,89,49,7.5,10,0,0,0,10,0,0,2,0
2020,7,16 to 20,1007.8,55,34.5,6,1.5,22.3,25.7,19.8,31.9,17.4,91,55,13.9,12.2,0,0,0,8.9,0,0,0,0
2020,7,21 to 25,1007.2,56,31.5,17.5,7.5,25,27.9,23,29.9,21.6,94,73,1.1,8,0,0,0,10,0,0,1,0
2020,7,26 to 31,1010.4,23.5,18.5,7,4,24.9,29.1,22.6,31.2,20.4,89,63,8,10.8,0,0,0,10,0,0,1,0
2020,8,1 to  5,1011.4,0.5,0.5,0.5,0.5,27.4,32.6,23.4,34.2,21.8,76,47,42.3,22.7,0,0,0,4.9,0,0,0,0
2020,8,6 to 10,1007.8,0,0,0,0,29.1,34.1,25.4,35.4,23.4,76,48,39.5,20.5,0,0,0,8.6,0,0,0,0
2020,8,11 to 15,1006.9,22,21.5,21.5,16,30.3,35.9,26.3,37.3,24.9,76,51,45.8,21.1,0,0,0,4.1,0,0,2,0
2020,8,16 to 20,1007.6,0,0,0,0,30.2,35,26.9,36.5,25.6,73,50,42.8,21.1,0,0,0,6,0,0,1,0
2020,8,21 to 25,1007.4,38,38,34.5,16.5,28,33,24.2,36,23,78,32,34.3,18,0,0,0,5.9,0,0,2,0
2020,8,26 to 31,1008.6,1,1,1,0.5,29.4,34.1,25.6,35,22.7,76,47,50,20.2,0,0,0,5.2,0,0,0,0
2020,9,1 to  5,1010.1,20.5,8.5,8.5,8,27.6,32.3,24.5,35.1,21.9,84,53,24.8,14.5,0,0,0,8.5,0,0,2,0
2020,9,6 to 10,1010.4,45,25.5,13,12,27.7,32,24.8,34.2,22.5,82,48,29,15.3,0,0,0,7,0,0,2,0
2020,9,11 to 15,1010.1,16,14.5,4.5,3,24.5,28.6,21.7,32.5,20,87,59,10.3,9.3,0,0,0,8.7,0,0,0,0
2020,9,16 to 20,1008.8,2.5,2,2,1.5,25,28.1,22.6,33.4,20.8,80,57,6.2,8.4,0,0,0,9.4,0,0,0,0
2020,9,21 to 25,1010.7,27,10,4,1,20.6,23.9,18.6,27.7,17.8,87,51,9.4,7.2,0,0,0,9,0,0,0,0
2020,9,26 to 30,1007.3,6.5,6,1,0.5,19.9,23.9,16.6,27.4,14.7,78,36,26,12.6,0,0,0,7.4,0,0,0,0
2020,10,1 to  5,1009.9,1,1,1,0.5,21.2,25.7,18.3,26.7,16.2,78,38,19.8,10.9,0,0,0,7.8,0,0,0,0
2020,10,6 to 10,1018.9,161.5,73.5,7.5,1.5,16.9,19.3,14.8,24.8,13.8,85,40,5.9,5.7,0,0,0,9.4,0,0,0,0
2020,10,11 to 15,1011.6,1.5,1,1,0.5,20.1,23.6,17.5,26.7,14.7,81,56,7.8,7.3,0,0,0,9.6,0,0,0,0
2020,10,16 to 20,1019.6,32.5,23,3,1,14.4,18.7,11.7,21,10.5,80,37,16,8.5,0,0,0,7.9,0,0,0,0
2020,10,21 to 25,1010.1,8.5,8.5,3.5,1,16.6,20.8,12.9,22.1,11.4,69,30,26.7,11.3,0,0,0,6.3,0,0,0,0
2020,10,26 to 31,1016.4,0,0,0,0,15.9,20.7,11.7,22.9,9.2,60,32,37.7,12.2,0,0,0,5.6,0,0,0,0
2020,11,1 to  5,1014.8,7,4.5,2,0.5,14.4,19.7,10.5,23.6,9,68,27,23.4,10.2,0,0,0,5.6,0,0,0,0
2020,11,6 to 10,1013.6,2.5,2.5,2.5,2.5,14.2,18.9,10.9,22.4,8.6,63,28,14.3,8.5,0,0,0,7.3,0,0,0,0
2020,11,11 to 15,1025.2,0,0,0,0,12.8,17.6,8.4,20.3,6.2,60,28,36.8,11.8,0,0,0,3.3,0,0,0,0
2020,11,16 to 20,1017.6,0,0,0,0,17.3,22.5,12.4,24.9,9.1,70,39,33.4,9.5,0,0,0,5.5,0,0,0,0
2020,11,21 to 25,1016,5,5,2,1.5,13.9,17.2,10.1,20.9,8.5,63,26,22.7,8.1,0,0,0,6.3,0,0,0,0
2020,11,26 to 30,1016.9,0,0,0,0,11.2,15.5,8.2,18.6,5.2,68,32,26,9,0,0,0,6.7,0,0,0,0
2020,12,1 to  5,1020.6,11.5,8,3,1,8.5,11.5,5.8,14.9,4.4,77,31,15.9,6,0,0,0,6.8,0,0,0,0
2020,12,6 to 10,1017.7,0,0,0,0,9.7,14.2,5.9,17.2,4.4,70,37,22.4,7.9,0,0,0,5.6,0,0,0,0
2020,12,11 to 15,1007.6,0,0,0,0,9.2,13.8,5.4,15.4,2,65,28,24.4,8.3,0,0,0,6.4,0,0,0,0
2020,12,16 to 20,1013.3,0,0,0,0,5,9.9,0.4,11.6,-0.6,46,15,34.7,9.6,0,0,0,2.4,0,0,0,0
2020,12,21 to 25,1013.9,0,0,0,0,7.1,12.8,1.8,14.1,0.1,52,22,35.9,9.8,0,0,0,3.5,0,0,0,0
2020,12,26 to 31,1010.7,1.5,1.5,1.5,1,7,11.8,3,13.5,-0.2,58,21,34.6,8.6,0,0,0,5.4,0,0,0,0
